origin_airport,destination_airport,pax_current,pax_previous,pax_growth_pct,scheduled_share,charter_share
GATWICK,ABERDEEN,194917,162333,20.07232,,
GATWICK,BELFAST CITY (GEORGE BEST),233493,165388,41.17892,,
GATWICK,BELFAST INTERNATIONAL,484490,500189,-3.13861,,
GATWICK,BIRMINGHAM,168,472,-64.40678,,
GATWICK,BRISTOL,201,285,-29.47368,,
GATWICK,DONCASTER SHEFFIELD,0,79,-100,,
GATWICK,EAST MIDLANDS INTERNATIONAL,169,113,49.55752,,
GATWICK,EDINBURGH,459436,408754,12.39914,,
GATWICK,FARNBOROUGH,0,40,-100,,
GATWICK,GLASGOW,466131,434363,7.3137,,
GATWICK,GUERNSEY,307579,281889,9.11352,,
GATWICK,HEATHROW,173,78,121.79487,,
GATWICK,INVERNESS,222964,217214,2.64716,,
GATWICK,ISLE OF MAN,160318,150091,6.81387,,
GATWICK,JERSEY,342837,295047,16.19742,,
GATWICK,LEEDS BRADFORD,94,46,104.34783,,
GATWICK,LIVERPOOL (JOHN LENNON),148,331,-55.28701,,
GATWICK,LONDON CITY,38,0,0,,
GATWICK,LUTON,262,0,0,,
GATWICK,MANCHESTER,438,18569,-97.64123,,
GATWICK,NEWCASTLE,0,191,-100,,
GATWICK,NEWQUAY,83948,64519,30.11361,,
GATWICK,NORWICH,0,111,-100,,
GATWICK,STANSTED,339,179,89.38547,,
GATWICK,TEESSIDE INTERNATIONAL AIRPORT,0,43,-100,,
HEATHROW,ABERDEEN,506327,411683,22.98953,,
HEATHROW,BELFAST CITY (GEORGE BEST),564018,598977,-5.83645,,
HEATHROW,BELFAST INTERNATIONAL,0,94,-100,,
HEATHROW,CITY OF DERRY (EGLINTON),46770,0,0,,
HEATHROW,DUNDEE,19552,0,0,,
HEATHROW,EDINBURGH,1049394,732421,43.27743,,
HEATHROW,GLASGOW,858173,694334,23.59657,,
HEATHROW,INVERNESS,159029,132529,19.99562,,
HEATHROW,ISLE OF MAN,33283,20345,63.59302,,
HEATHROW,JERSEY,334880,316997,5.64138,,
HEATHROW,KIRKWALL,2003,0,0,,
HEATHROW,LEEDS BRADFORD,0,6266,-100,,
HEATHROW,MANCHESTER,577540,412547,39.99375,,
HEATHROW,NEWCASTLE,437735,328801,33.13068,,
HEATHROW,NEWQUAY,2697,11704,-76.9566,,
HEATHROW,SOUTHAMPTON,0,41,-100,,
HEATHROW,SUMBURGH,2194,0,0,,
HEATHROW,TEESSIDE INTERNATIONAL AIRPORT,0,5007,-100,,
LONDON CITY,ABERDEEN,1072,4441,-75.86129,,
LONDON CITY,BELFAST CITY (GEORGE BEST),132133,121502,8.74965,,
LONDON CITY,BELFAST INTERNATIONAL,85,0,0,,
LONDON CITY,DUNDEE,9272,29042,-68.07382,,
LONDON CITY,EDINBURGH,342810,304035,12.75347,,
LONDON CITY,GLASGOW,208629,176763,18.02753,,
LONDON CITY,GUERNSEY,0,2601,-100,,
LONDON CITY,ISLE OF MAN,18262,17116,6.69549,,
LONDON CITY,JERSEY,3176,4032,-21.23016,,
LONDON CITY,KIRKWALL,41,0,0,,
LONDON CITY,LIVERPOOL (JOHN LENNON),0,30,-100,,
LONDON CITY,MANCHESTER,100,1034,-90.32882,,
LONDON CITY,SOUTHAMPTON,93,0,0,,
LONDON CITY,SUMBURGH,35,123,-71.54472,,
LUTON,ABERDEEN,80169,67572,18.64234,,
LUTON,BELFAST CITY (GEORGE BEST),30650,0,0,,
LUTON,BELFAST INTERNATIONAL,364837,323881,12.64539,,
LUTON,BIRMINGHAM,0,303,-100,,
LUTON,BRISTOL,0,176,-100,,
LUTON,DUNDEE,0,45,-100,,
LUTON,EDINBURGH,313448,246524,27.14705,,
LUTON,GLASGOW,235998,210698,12.00771,,
LUTON,INVERNESS,150135,116363,29.02297,,
LUTON,ISLE OF MAN,0,131,-100,,
LUTON,JERSEY,101451,77100,31.58366,,
LUTON,LIVERPOOL (JOHN LENNON),374,0,0,,
LUTON,LONDON CITY,203,0,0,,
LUTON,MANCHESTER,255,0,0,,
LUTON,PRESTWICK,0,180,-100,,
LUTON,STANSTED,5,0,0,,
SOUTHEND,GATWICK,0,68,-100,,
SOUTHEND,ISLE OF MAN,13,0,0,,
SOUTHEND,LIVERPOOL (JOHN LENNON),45,0,0,,
STANSTED,ABERDEEN,99,0,0,,
STANSTED,BELFAST INTERNATIONAL,489477,293031,67.03932,,
STANSTED,BIRMINGHAM,349,0,0,,
STANSTED,BRISTOL,180,84,114.28571,,
STANSTED,CITY OF DERRY (EGLINTON),19108,58400,-67.28082,,
STANSTED,EAST MIDLANDS INTERNATIONAL,180,0,0,,
STANSTED,EDINBURGH,599950,265824,125.69444,,
STANSTED,GLASGOW,228389,214969,6.24276,,
STANSTED,HEATHROW,75,0,0,,
STANSTED,INVERNESS,140,0,0,,
STANSTED,JERSEY,3626,5821,-37.7083,,
STANSTED,MANCHESTER,120,185,-35.13514,,
STANSTED,NEWQUAY,27280,0,0,,
STANSTED,PRESTWICK,0,154,-100,,
ABERDEEN,BELFAST CITY (GEORGE BEST),20359,21902,-7.04502,,
ABERDEEN,BELFAST INTERNATIONAL,189,0,0,,
ABERDEEN,BIRMINGHAM,53421,50098,6.633,,
ABERDEEN,BRISTOL,16231,16050,1.12773,,
ABERDEEN,CARDIFF WALES,1,27,-96.2963,,
ABERDEEN,CITY OF DERRY (EGLINTON),27,0,0,,
ABERDEEN,EAST MIDLANDS INTERNATIONAL,202,0,0,,
ABERDEEN,EDINBURGH,169,330,-48.78788,,
ABERDEEN,EXETER,0,5116,-100,,
ABERDEEN,FARNBOROUGH,0,25,-100,,
ABERDEEN,GLASGOW,72,3,2300,,
ABERDEEN,GUERNSEY,358,0,0,,
ABERDEEN,HUMBERSIDE,10737,11175,-3.91946,,
ABERDEEN,INVERNESS,0,83,-100,,
ABERDEEN,ISLAY,0,42,-100,,
ABERDEEN,KIRKWALL,43291,41444,4.45662,,
ABERDEEN,LIVERPOOL (JOHN LENNON),177,0,0,,
ABERDEEN,MANCHESTER,71549,72848,-1.78316,,
ABERDEEN,NEWCASTLE,14397,7348,95.93087,,
ABERDEEN,NEWQUAY,12412,23565,-47.32867,,
ABERDEEN,NORWICH,32898,28598,15.03602,,
ABERDEEN,SOUTHAMPTON,6115,3129,95.42985,,
ABERDEEN,STORNOWAY,16,0,0,,
ABERDEEN,SUMBURGH,100792,91096,10.64372,,
ABERDEEN,TEESSIDE INTERNATIONAL AIRPORT,14293,18336,-22.04952,,
ABERDEEN,WICK JOHN O GROATS,10785,7140,51.05042,,
ALDERNEY,GUERNSEY,32228,33788,-4.61702,,
ALDERNEY,JERSEY,104,59,76.27119,,
ALDERNEY,SOUTHAMPTON,17214,17077,0.80225,,
BARRA,GLASGOW,12836,13102,-2.03022,,
BARRA,TIREE,13,0,0,,
BELFAST CITY (GEORGE BEST),BELFAST INTERNATIONAL,11,4,175,,
BELFAST CITY (GEORGE BEST),BIRMINGHAM,146122,140600,3.92745,,
BELFAST CITY (GEORGE BEST),BRISTOL,43711,10709,308.1707,,
BELFAST CITY (GEORGE BEST),BRIZE NORTON,12,0,0,,
BELFAST CITY (GEORGE BEST),CARDIFF WALES,35463,14063,152.17237,,
BELFAST CITY (GEORGE BEST),DUNDEE,3038,6810,-55.38913,,
BELFAST CITY (GEORGE BEST),EAST MIDLANDS INTERNATIONAL,37161,17982,106.65666,,
BELFAST CITY (GEORGE BEST),EDINBURGH,116994,84315,38.75823,,
BELFAST CITY (GEORGE BEST),EXETER,30548,19370,57.7078,,
BELFAST CITY (GEORGE BEST),GLASGOW,103076,63869,61.38659,,
BELFAST CITY (GEORGE BEST),GUERNSEY,0,1001,-100,,
BELFAST CITY (GEORGE BEST),INVERNESS,18114,19441,-6.82578,,
BELFAST CITY (GEORGE BEST),ISLE OF MAN,8917,0,0,,
BELFAST CITY (GEORGE BEST),JERSEY,1417,2099,-32.49166,,
BELFAST CITY (GEORGE BEST),LEEDS BRADFORD,113405,95013,19.35735,,
BELFAST CITY (GEORGE BEST),LIVERPOOL (JOHN LENNON),115405,42059,174.38836,,
BELFAST CITY (GEORGE BEST),MANCHESTER,171514,110810,54.78206,,
BELFAST CITY (GEORGE BEST),NEWCASTLE,24830,2433,920.55076,,
BELFAST CITY (GEORGE BEST),NEWQUAY,13802,0,0,,
BELFAST CITY (GEORGE BEST),NORTHOLT,13,0,0,,
BELFAST CITY (GEORGE BEST),SOUTHAMPTON,79810,60593,31.71488,,
BELFAST CITY (GEORGE BEST),TEESSIDE INTERNATIONAL AIRPORT,1365,7890,-82.69962,,
BELFAST INTERNATIONAL,BIRMINGHAM,350308,316488,10.68603,,
BELFAST INTERNATIONAL,BRISTOL,272144,250498,8.64119,,
BELFAST INTERNATIONAL,CARDIFF WALES,11770,269,4275.46468,,
BELFAST INTERNATIONAL,CITY OF DERRY (EGLINTON),17,0,0,,
BELFAST INTERNATIONAL,EAST MIDLANDS INTERNATIONAL,40648,10986,269.99818,,
BELFAST INTERNATIONAL,EDINBURGH,433876,307431,41.12955,,
BELFAST INTERNATIONAL,GLASGOW,310049,300346,3.23061,,
BELFAST INTERNATIONAL,ISLE OF MAN,20318,22097,-8.05087,,
BELFAST INTERNATIONAL,JERSEY,18426,19449,-5.25991,,
BELFAST INTERNATIONAL,LEEDS BRADFORD,41736,30570,36.52601,,
BELFAST INTERNATIONAL,LIVERPOOL (JOHN LENNON),394000,414695,-4.99041,,
BELFAST INTERNATIONAL,MANCHESTER,505205,365676,38.15646,,
BELFAST INTERNATIONAL,NEWCASTLE,205878,194722,5.72919,,
BELFAST INTERNATIONAL,SOUTHAMPTON,5332,0,0,,
BENBECULA,GLASGOW,25561,24028,6.38006,,
BENBECULA,INVERNESS,3307,3242,2.00494,,
BENBECULA,SOUTHAMPTON,12,0,0,,
BENBECULA,STORNOWAY,1792,2969,-39.64298,,
BIGGIN HILL,BIRMINGHAM,52,10,420,,
BIGGIN HILL,CARDIFF WALES,47,0,0,,
BIGGIN HILL,DONCASTER SHEFFIELD,0,150,-100,,
BIGGIN HILL,DUNDEE,3,0,0,,
BIGGIN HILL,EAST MIDLANDS INTERNATIONAL,87,0,0,,
BIGGIN HILL,EXETER,81,0,0,,
BIGGIN HILL,FARNBOROUGH,4,0,0,,
BIGGIN HILL,GLASGOW,0,7,-100,,
BIGGIN HILL,HUMBERSIDE,43,69,-37.68116,,
BIGGIN HILL,LEEDS BRADFORD,0,124,-100,,
BIGGIN HILL,LIVERPOOL (JOHN LENNON),325,40,712.5,,
BIGGIN HILL,MANCHESTER,366,184,98.91304,,
BIGGIN HILL,NEWCASTLE,315,0,0,,
BIGGIN HILL,TEESSIDE INTERNATIONAL AIRPORT,0,38,-100,,
BIRMINGHAM,BOURNEMOUTH,326,44,640.90909,,
BIRMINGHAM,CARDIFF WALES,0,2,-100,,
BIRMINGHAM,CITY OF DERRY (EGLINTON),323,0,0,,
BIRMINGHAM,DUNDEE,0,31,-100,,
BIRMINGHAM,EAST MIDLANDS INTERNATIONAL,0,189,-100,,
BIRMINGHAM,EDINBURGH,214327,171501,24.97128,,
BIRMINGHAM,GLASGOW,163724,183520,-10.78684,,
BIRMINGHAM,GUERNSEY,32079,28921,10.9194,,
BIRMINGHAM,INVERNESS,17715,18681,-5.17103,,
BIRMINGHAM,ISLE OF MAN,20077,22253,-9.77846,,
BIRMINGHAM,JERSEY,32998,40341,-18.20233,,
BIRMINGHAM,LEEDS BRADFORD,0,47,-100,,
BIRMINGHAM,LIVERPOOL (JOHN LENNON),87,0,0,,
BIRMINGHAM,MANCHESTER,268,0,0,,
BIRMINGHAM,NEWCASTLE,448,117,282.90598,,
BIRMINGHAM,PRESTWICK,0,140,-100,,
BIRMINGHAM,SOUTHAMPTON,36,144,-75,,
BLACKPOOL,BOURNEMOUTH,46,209,-77.99043,,
BLACKPOOL,CARDIFF WALES,91,0,0,,
BLACKPOOL,NORWICH,0,88,-100,,
BOURNEMOUTH,CARDIFF WALES,47,108,-56.48148,,
BOURNEMOUTH,DONCASTER SHEFFIELD,0,83,-100,,
BOURNEMOUTH,EAST MIDLANDS INTERNATIONAL,343,142,141.5493,,
BOURNEMOUTH,EDINBURGH,48192,38,126721.0526,,
BOURNEMOUTH,HUMBERSIDE,0,67,-100,,
BOURNEMOUTH,LEEDS BRADFORD,101,92,9.78261,,
BOURNEMOUTH,LIVERPOOL (JOHN LENNON),267,94,184.04255,,
BOURNEMOUTH,MANCHESTER,340,170,100,,
BOURNEMOUTH,NEWCASTLE,0,179,-100,,
BOURNEMOUTH,TEESSIDE INTERNATIONAL AIRPORT,0,70,-100,,
BRISTOL,CARDIFF WALES,538,56,860.71429,,
BRISTOL,EAST MIDLANDS INTERNATIONAL,18,98,-81.63265,,
BRISTOL,EDINBURGH,422825,296617,42.54915,,
BRISTOL,EXETER,822,324,153.7037,,
BRISTOL,GLASGOW,295945,290662,1.81758,,
BRISTOL,GUERNSEY,25750,23761,8.37086,,
BRISTOL,HUMBERSIDE,140,33,324.24242,,
BRISTOL,INVERNESS,83762,68240,22.74619,,
BRISTOL,ISLE OF MAN,27238,30968,-12.04469,,
BRISTOL,JERSEY,35908,36579,-1.83439,,
BRISTOL,LEEDS BRADFORD,10,10,0,,
BRISTOL,LIVERPOOL (JOHN LENNON),0,41,-100,,
BRISTOL,MANCHESTER,246,84,192.85714,,
BRISTOL,NEWCASTLE,143216,125272,14.32403,,
BRISTOL,NEWQUAY,93,0,0,,
BRISTOL,NORWICH,114,35,225.71429,,
BRISTOL,TEESSIDE INTERNATIONAL AIRPORT,72,71,1.40845,,
BRIZE NORTON,MANCHESTER,0,45,-100,,
CAMBRIDGE,MANCHESTER,462,668,-30.83832,,
CAMBRIDGE,TEESSIDE INTERNATIONAL AIRPORT,39,0,0,,
CAMPBELTOWN,GLASGOW,7004,5709,22.68348,,
CAMPBELTOWN,ISLAY,2,50,-96,,
CAMPBELTOWN,TIREE,66,34,94.11765,,
CARDIFF WALES,EAST MIDLANDS INTERNATIONAL,65,47,38.29787,,
CARDIFF WALES,EDINBURGH,20320,20514,-0.9457,,
CARDIFF WALES,EXETER,43,0,0,,
CARDIFF WALES,GLASGOW,175,311,-43.7299,,
CARDIFF WALES,HUMBERSIDE,108,149,-27.51678,,
CARDIFF WALES,LEEDS BRADFORD,259,57,354.38596,,
CARDIFF WALES,LIVERPOOL (JOHN LENNON),0,281,-100,,
CARDIFF WALES,MANCHESTER,230,290,-20.68966,,
CARDIFF WALES,NEWCASTLE,118,198,-40.40404,,
CARDIFF WALES,NEWQUAY,4,0,0,,
CARDIFF WALES,NORWICH,148,154,-3.8961,,
CARDIFF WALES,SOUTHAMPTON,0,38,-100,,
CARDIFF WALES,TEESSIDE INTERNATIONAL AIRPORT,357,70,410,,
CITY OF DERRY (EGLINTON),EDINBURGH,245,6713,-96.35036,,
CITY OF DERRY (EGLINTON),GLASGOW,15855,15588,1.71286,,
CITY OF DERRY (EGLINTON),LIVERPOOL (JOHN LENNON),10703,23055,-53.57623,,
CITY OF DERRY (EGLINTON),MANCHESTER,56967,54844,3.87098,,
COLL,TIREE,194,152,27.63158,,
COLONSAY,ISLAY,111,116,-4.31034,,
COLONSAY,TIREE,17,0,0,,
COMPTON ABASS,GUERNSEY,4,0,0,,
DONCASTER SHEFFIELD,FARNBOROUGH,0,108,-100,,
DONCASTER SHEFFIELD,NORWICH,0,71,-100,,
DUNDEE,KIRKWALL,450,0,0,,
DUNDEE,SOUTHAMPTON,0,27,-100,,
DUNDEE,SUMBURGH,1743,1352,28.92012,,
EAST MIDLANDS INTERNATIONAL,EDINBURGH,84,0,0,,
EAST MIDLANDS INTERNATIONAL,EXETER,0,9,-100,,
EAST MIDLANDS INTERNATIONAL,GLASGOW,40,71,-43.66197,,
EAST MIDLANDS INTERNATIONAL,GUERNSEY,11218,12624,-11.13752,,
EAST MIDLANDS INTERNATIONAL,HUMBERSIDE,537,142,278.16901,,
EAST MIDLANDS INTERNATIONAL,JERSEY,26303,26593,-1.09051,,
EAST MIDLANDS INTERNATIONAL,LEEDS BRADFORD,0,800,-100,,
EAST MIDLANDS INTERNATIONAL,LIVERPOOL (JOHN LENNON),0,170,-100,,
EAST MIDLANDS INTERNATIONAL,MANCHESTER,787,1039,-24.25409,,
EAST MIDLANDS INTERNATIONAL,NEWCASTLE,98,902,-89.13525,,
EAST MIDLANDS INTERNATIONAL,NEWQUAY,2828,0,0,,
EAST MIDLANDS INTERNATIONAL,SOUTHAMPTON,34,0,0,,
EDAY,KIRKWALL,523,302,73.17881,,
EDINBURGH,EXETER,24003,23933,0.29248,,
EDINBURGH,GLASGOW,1195,176,578.97727,,
EDINBURGH,GUERNSEY,877,2263,-61.24613,,
EDINBURGH,HUMBERSIDE,0,13,-100,,
EDINBURGH,INVERNESS,495,0,0,,
EDINBURGH,ISLE OF MAN,11367,9692,17.28229,,
EDINBURGH,JERSEY,17932,1486,1106.72948,,
EDINBURGH,KIRKWALL,38745,34480,12.36949,,
EDINBURGH,LEEDS BRADFORD,296,0,0,,
EDINBURGH,LIVERPOOL (JOHN LENNON),169,0,0,,
EDINBURGH,MANCHESTER,670,659,1.6692,,
EDINBURGH,NEWCASTLE,498,145,243.44828,,
EDINBURGH,NEWQUAY,20867,12824,62.71834,,
EDINBURGH,NORWICH,0,1314,-100,,
EDINBURGH,PRESTWICK,162,0,0,,
EDINBURGH,SOUTHAMPTON,89058,81632,9.09692,,
EDINBURGH,STORNOWAY,18513,16580,11.65862,,
EDINBURGH,SUMBURGH,37191,38421,-3.20137,,
EXETER,GLASGOW,12773,12898,-0.96914,,
EXETER,GLOUCESTERSHIRE,0,20,-100,,
EXETER,GUERNSEY,17012,16374,3.89642,,
EXETER,ISLES OF SCILLY (ST.MARYS),8063,11821,-31.79088,,
EXETER,JERSEY,28204,29507,-4.4159,,
EXETER,LANDS END (ST JUST),99,48,106.25,,
EXETER,MANCHESTER,133,353,-62.32295,,
EXETER,NEWCASTLE,13597,15473,-12.12435,,
EXETER,NEWQUAY,12,0,0,,
EXETER,NORWICH,108,4884,-97.7887,,
EXETER,SOUTHAMPTON,0,42,-100,,
EXETER,TEESSIDE INTERNATIONAL AIRPORT,85,0,0,,
FAIR ISLE,LERWICK (TINGWALL),1910,1891,1.00476,,
FAIR ISLE,SUMBURGH,0,30,-100,,
FARNBOROUGH,HUMBERSIDE,100,0,0,,
FARNBOROUGH,INVERNESS,0,85,-100,,
FARNBOROUGH,ISLE OF MAN,0,5,-100,,
FARNBOROUGH,JERSEY,0,50,-100,,
FARNBOROUGH,LIVERPOOL (JOHN LENNON),318,191,66.49215,,
FARNBOROUGH,TEESSIDE INTERNATIONAL AIRPORT,40,72,-44.44444,,
FARNBOROUGH,WICK JOHN O GROATS,34,0,0,,
FOULA,LERWICK (TINGWALL),1003,991,1.2109,,
FOULA,SUMBURGH,0,22,-100,,
GLASGOW,GUERNSEY,0,154,-100,,
GLASGOW,INVERNESS,144,0,0,,
GLASGOW,ISLAY,28990,25979,11.59013,,
GLASGOW,ISLE OF MAN,0,27,-100,,
GLASGOW,JERSEY,51034,49176,3.77827,,
GLASGOW,KIRKWALL,17534,16257,7.85508,,
GLASGOW,LEEDS BRADFORD,329,0,0,,
GLASGOW,LIVERPOOL (JOHN LENNON),0,114,-100,,
GLASGOW,MANCHESTER,28,124,-77.41935,,
GLASGOW,NEWCASTLE,373,81,360.49383,,
GLASGOW,NEWQUAY,5045,5476,-7.87071,,
GLASGOW,NORWICH,72,0,0,,
GLASGOW,SOUTHAMPTON,87044,74832,16.31922,,
GLASGOW,STORNOWAY,66894,62233,7.4896,,
GLASGOW,SUMBURGH,20080,21733,-7.60594,,
GLASGOW,TIREE,11319,10796,4.84439,,
GUERNSEY,HUMBERSIDE,100,0,0,,
GUERNSEY,ISLE OF MAN,478,278,71.94245,,
GUERNSEY,JERSEY,76798,71654,7.17894,,
GUERNSEY,LEEDS BRADFORD,4104,3785,8.42801,,
GUERNSEY,MANCHESTER,63827,58753,8.63615,,
GUERNSEY,SOUTHAMPTON,97466,96815,0.67242,,
GUERNSEY,STORNOWAY,202,0,0,,
HUMBERSIDE,JERSEY,1989,2081,-4.42095,,
HUMBERSIDE,LEEDS BRADFORD,79,0,0,,
HUMBERSIDE,NEWCASTLE,37,438,-91.55251,,
HUMBERSIDE,NEWQUAY,1332,2187,-39.09465,,
HUMBERSIDE,NORWICH,138,44,213.63636,,
HUMBERSIDE,SOUTHAMPTON,100,0,0,,
HUMBERSIDE,TEESSIDE INTERNATIONAL AIRPORT,10,76,-86.84211,,
HUMBERSIDE,WARTON,20,0,0,,
INVERNESS,KIRKWALL,1299,1852,-29.85961,,
INVERNESS,MANCHESTER,27048,35445,-23.69022,,
INVERNESS,NEWQUAY,0,177,-100,,
INVERNESS,NORWICH,0,2,-100,,
INVERNESS,STORNOWAY,12180,13234,-7.96433,,
INVERNESS,SUMBURGH,12538,12819,-2.19206,,
INVERNESS,TIREE,4,0,0,,
ISLAY,OBAN (NORTH CONNEL),54,44,22.72727,,
ISLAY,TIREE,0,16,-100,,
ISLE OF MAN,JERSEY,500,0,0,,
ISLE OF MAN,LIVERPOOL (JOHN LENNON),171818,154364,11.30704,,
ISLE OF MAN,MANCHESTER,119845,96143,24.65286,,
ISLE OF MAN,NEWCASTLE,0,178,-100,,
ISLE OF MAN,NEWQUAY,1716,0,0,,
ISLE OF MAN,TEESSIDE INTERNATIONAL AIRPORT,184,0,0,,
ISLES OF SCILLY (ST.MARYS),NEWQUAY,1530,2104,-27.28137,,
JERSEY,LEEDS BRADFORD,13248,14123,-6.19557,,
JERSEY,LIVERPOOL (JOHN LENNON),118671,101802,16.5704,,
JERSEY,MANCHESTER,87909,80917,8.64095,,
JERSEY,NEWCASTLE,5501,6112,-9.99673,,
JERSEY,NORWICH,3939,4286,-8.09613,,
JERSEY,SOUTHAMPTON,99895,99706,0.18956,,
JERSEY,TEESSIDE INTERNATIONAL AIRPORT,2350,2375,-1.05263,,
KIRKWALL,NORTH RONALDSAY,5903,5531,6.72573,,
KIRKWALL,PAPA WESTRAY,4691,4595,2.08923,,
KIRKWALL,PRESTWICK,7,0,0,,
KIRKWALL,SANDAY,3211,3002,6.96203,,
KIRKWALL,STRONSAY,3033,2995,1.26878,,
KIRKWALL,SUMBURGH,6171,7727,-20.13718,,
KIRKWALL,WESTRAY,3368,3216,4.72637,,
LANDS END (ST JUST),NEWQUAY,52,8,550,,
LEEDS BRADFORD,LIVERPOOL (JOHN LENNON),34,175,-80.57143,,
LEEDS BRADFORD,NEWCASTLE,0,187,-100,,
LEEDS BRADFORD,NEWQUAY,0,150,-100,,
LEEDS BRADFORD,NORWICH,68,0,0,,
LEEDS BRADFORD,SOUTHAMPTON,0,704,-100,,
LERWICK (TINGWALL),SUMBURGH,0,4,-100,,
LIVERPOOL (JOHN LENNON),MANCHESTER,552,177,211.86441,,
LIVERPOOL (JOHN LENNON),NEWCASTLE,379,539,-29.6846,,
LIVERPOOL (JOHN LENNON),NORWICH,246,195,26.15385,,
LIVERPOOL (JOHN LENNON),PRESTWICK,54,123,-56.09756,,
LIVERPOOL (JOHN LENNON),SOUTHAMPTON,250,198,26.26263,,
MANCHESTER,NEWCASTLE,178,235,-24.25532,,
MANCHESTER,NEWQUAY,75091,60391,24.34138,,
MANCHESTER,NORWICH,0,179,-100,,
MANCHESTER,SOUTHAMPTON,5515,10871,-49.2687,,
MANCHESTER,STORNOWAY,4851,0,0,,
MANCHESTER,SUMBURGH,11361,8457,34.33842,,
NEWCASTLE,NEWQUAY,3968,5884,-32.56288,,
NEWCASTLE,NORWICH,0,70,-100,,
NEWCASTLE,SOUTHAMPTON,46908,39122,19.90185,,
NEWQUAY,PRESTWICK,29,0,0,,
NEWQUAY,SOUTHAMPTON,51,21,142.85714,,
NEWQUAY,SUMBURGH,2,359,-99.4429,,
NEWQUAY,TEESSIDE INTERNATIONAL AIRPORT,0,1269,-100,,
NORWICH,SOUTHAMPTON,0,75,-100,,
NORWICH,TEESSIDE INTERNATIONAL AIRPORT,73,108,-32.40741,,
OBAN (NORTH CONNEL),TIREE,251,252,-0.39683,,
SKEGNESS,SUMBURGH,0,34,-100,,
SOUTHAMPTON,STORNOWAY,5201,0,0,,
SOUTHAMPTON,TEESSIDE INTERNATIONAL AIRPORT,105,153,-31.37255,,
