reporting_airport,route,pax_current,pax_growth_pct
GATWICK,ABERDEEN,194917,20.07232
GATWICK,BELFAST CITY (GEORGE BEST),233493,41.17892
GATWICK,BELFAST INTERNATIONAL,484490,-3.13861
GATWICK,BIRMINGHAM,168,-64.40678
GATWICK,BRISTOL,201,-29.47368
GATWICK,DONCASTER SHEFFIELD,0,-100
GATWICK,EAST MIDLANDS INTERNATIONAL,169,49.55752
GATWICK,EDINBURGH,459436,12.39914
GATWICK,FARNBOROUGH,0,-100
GATWICK,GLASGOW,466131,7.3137
GATWICK,GUERNSEY,307579,9.11352
GATWICK,HEATHROW,173,121.79487
GATWICK,INVERNESS,222964,2.64716
GATWICK,ISLE OF MAN,160318,6.81387
GATWICK,JERSEY,342837,16.19742
GATWICK,LEEDS BRADFORD,94,104.34783
GATWICK,LIVERPOOL (JOHN LENNON),148,-55.28701
GATWICK,LONDON CITY,38,0
GATWICK,LUTON,262,0
GATWICK,MANCHESTER,438,-97.64123
GATWICK,NEWCASTLE,0,-100
GATWICK,NEWQUAY,83948,30.11361
GATWICK,NORWICH,0,-100
GATWICK,STANSTED,339,89.38547
GATWICK,TEESSIDE INTERNATIONAL AIRPORT,0,-100
HEATHROW,ABERDEEN,506327,22.98953
HEATHROW,BELFAST CITY (GEORGE BEST),564018,-5.83645
HEATHROW,BELFAST INTERNATIONAL,0,-100
HEATHROW,CITY OF DERRY (EGLINTON),46770,0
HEATHROW,DUNDEE,19552,0
HEATHROW,EDINBURGH,1049394,43.27743
HEATHROW,GATWICK,126,0
HEATHROW,GLASGOW,858173,23.59657
HEATHROW,INVERNESS,159029,19.99562
HEATHROW,ISLE OF MAN,33283,63.59302
HEATHROW,JERSEY,334880,5.64138
HEATHROW,KIRKWALL,2003,0
HEATHROW,LEEDS BRADFORD,0,-100
HEATHROW,MANCHESTER,577540,39.99375
HEATHROW,NEWCASTLE,437735,33.13068
HEATHROW,NEWQUAY,2697,-76.9566
HEATHROW,SOUTHAMPTON,0,-100
HEATHROW,SUMBURGH,2194,0
HEATHROW,TEESSIDE INTERNATIONAL AIRPORT,0,-100
LONDON CITY,ABERDEEN,1072,-75.86129
LONDON CITY,BELFAST CITY (GEORGE BEST),132133,8.74965
LONDON CITY,BELFAST INTERNATIONAL,85,0
LONDON CITY,DUNDEE,9272,-68.07382
LONDON CITY,EDINBURGH,342810,12.75347
LONDON CITY,GATWICK,38,0
LONDON CITY,GLASGOW,208629,18.02753
LONDON CITY,GUERNSEY,0,-100
LONDON CITY,ISLE OF MAN,18262,6.69549
LONDON CITY,JERSEY,3176,-21.23016
LONDON CITY,KIRKWALL,41,0
LONDON CITY,LIVERPOOL (JOHN LENNON),0,-100
LONDON CITY,MANCHESTER,100,-90.32882
LONDON CITY,SOUTHAMPTON,93,0
LONDON CITY,SUMBURGH,35,-71.54472
LUTON,ABERDEEN,80169,18.64234
LUTON,BELFAST CITY (GEORGE BEST),30650,0
LUTON,BELFAST INTERNATIONAL,364837,12.64539
LUTON,BIRMINGHAM,0,-100
LUTON,BRISTOL,0,-100
LUTON,DUNDEE,0,-100
LUTON,EDINBURGH,313448,27.14705
LUTON,GATWICK,1075,26775
LUTON,GLASGOW,235998,12.00771
LUTON,HEATHROW,0,-100
LUTON,INVERNESS,150135,29.02297
LUTON,ISLE OF MAN,0,-100
LUTON,JERSEY,101451,31.58366
LUTON,LIVERPOOL (JOHN LENNON),374,0
LUTON,LONDON CITY,203,0
LUTON,MANCHESTER,255,0
LUTON,PRESTWICK,0,-100
LUTON,STANSTED,5,0
SOUTHEND,GATWICK,0,-100
SOUTHEND,ISLE OF MAN,13,0
SOUTHEND,LIVERPOOL (JOHN LENNON),45,0
STANSTED,ABERDEEN,99,0
STANSTED,BELFAST INTERNATIONAL,489477,67.03932
STANSTED,BIRMINGHAM,349,0
STANSTED,BRISTOL,180,114.28571
STANSTED,CITY OF DERRY (EGLINTON),19108,-67.28082
STANSTED,EAST MIDLANDS INTERNATIONAL,180,0
STANSTED,EDINBURGH,599950,125.69444
STANSTED,GATWICK,701,8.17901
STANSTED,GLASGOW,228389,6.24276
STANSTED,HEATHROW,75,0
STANSTED,INVERNESS,140,0
STANSTED,JERSEY,3626,-37.7083
STANSTED,LONDON CITY,98,0
STANSTED,MANCHESTER,120,-35.13514
STANSTED,NEWQUAY,27280,0
STANSTED,PRESTWICK,0,-100
ABERDEEN,BELFAST CITY (GEORGE BEST),20359,-7.04502
ABERDEEN,BELFAST INTERNATIONAL,189,0
ABERDEEN,BIRMINGHAM,53421,6.633
ABERDEEN,BRISTOL,16231,1.12773
ABERDEEN,CITY OF DERRY (EGLINTON),27,0
ABERDEEN,EDINBURGH,169,-48.78788
ABERDEEN,EXETER,0,-100
ABERDEEN,FARNBOROUGH,0,-100
ABERDEEN,GATWICK,194377,20.08587
ABERDEEN,GLASGOW,72,2300
ABERDEEN,GUERNSEY,358,0
ABERDEEN,HEATHROW,504448,23.27814
ABERDEEN,HUMBERSIDE,10737,-3.91946
ABERDEEN,INVERNESS,0,-100
ABERDEEN,ISLAY,0,-100
ABERDEEN,KIRKWALL,43291,4.45662
ABERDEEN,LIVERPOOL (JOHN LENNON),177,0
ABERDEEN,LONDON CITY,1140,-45.97156
ABERDEEN,LUTON,80144,19.01573
ABERDEEN,MANCHESTER,71549,-1.78316
ABERDEEN,NEWCASTLE,14397,95.93087
ABERDEEN,NEWQUAY,12412,-47.32867
ABERDEEN,NORWICH,32898,15.03602
ABERDEEN,SOUTHAMPTON,6115,95.42985
ABERDEEN,STANSTED,40,0
ABERDEEN,STORNOWAY,16,0
ABERDEEN,SUMBURGH,100792,10.64372
ABERDEEN,TEESSIDE INTERNATIONAL AIRPORT,14293,-22.04952
ABERDEEN,WICK JOHN O GROATS,10785,51.05042
ALDERNEY,GUERNSEY,32228,-4.61702
ALDERNEY,JERSEY,104,76.27119
ALDERNEY,SOUTHAMPTON,17214,0.80225
BARRA,GLASGOW,12836,-2.03022
BARRA,TIREE,13,0
BELFAST CITY (GEORGE BEST),ABERDEEN,20164,-7.3601
BELFAST CITY (GEORGE BEST),BELFAST INTERNATIONAL,11,175
BELFAST CITY (GEORGE BEST),BIRMINGHAM,146122,3.92745
BELFAST CITY (GEORGE BEST),BRISTOL,43711,308.1707
BELFAST CITY (GEORGE BEST),BRIZE NORTON,12,0
BELFAST CITY (GEORGE BEST),CARDIFF WALES,35463,152.17237
BELFAST CITY (GEORGE BEST),DUNDEE,3038,-55.38913
BELFAST CITY (GEORGE BEST),EAST MIDLANDS INTERNATIONAL,37161,106.65666
BELFAST CITY (GEORGE BEST),EDINBURGH,116994,38.75823
BELFAST CITY (GEORGE BEST),EXETER,30548,57.7078
BELFAST CITY (GEORGE BEST),GATWICK,228774,39.58827
BELFAST CITY (GEORGE BEST),GLASGOW,103076,61.38659
BELFAST CITY (GEORGE BEST),GUERNSEY,0,-100
BELFAST CITY (GEORGE BEST),HEATHROW,559233,-5.72209
BELFAST CITY (GEORGE BEST),INVERNESS,18114,-6.82578
BELFAST CITY (GEORGE BEST),ISLE OF MAN,8917,0
BELFAST CITY (GEORGE BEST),JERSEY,1417,-32.49166
BELFAST CITY (GEORGE BEST),LEEDS BRADFORD,113405,19.35735
BELFAST CITY (GEORGE BEST),LIVERPOOL (JOHN LENNON),115405,174.38836
BELFAST CITY (GEORGE BEST),LONDON CITY,131551,8.98283
BELFAST CITY (GEORGE BEST),LUTON,30277,0
BELFAST CITY (GEORGE BEST),MANCHESTER,171514,54.78206
BELFAST CITY (GEORGE BEST),NEWCASTLE,24830,920.55076
BELFAST CITY (GEORGE BEST),NEWQUAY,13802,0
BELFAST CITY (GEORGE BEST),NORTHOLT,13,0
BELFAST CITY (GEORGE BEST),SOUTHAMPTON,79810,31.71488
BELFAST CITY (GEORGE BEST),TEESSIDE INTERNATIONAL AIRPORT,1365,-82.69962
BELFAST INTERNATIONAL,BELFAST CITY (GEORGE BEST),323,-12.46612
BELFAST INTERNATIONAL,BIRMINGHAM,350308,10.68603
BELFAST INTERNATIONAL,BRISTOL,272144,8.64119
BELFAST INTERNATIONAL,CARDIFF WALES,11770,4275.46468
BELFAST INTERNATIONAL,CITY OF DERRY (EGLINTON),17,0
BELFAST INTERNATIONAL,EAST MIDLANDS INTERNATIONAL,40648,269.99818
BELFAST INTERNATIONAL,EDINBURGH,433876,41.12955
BELFAST INTERNATIONAL,GATWICK,484460,-3.24346
BELFAST INTERNATIONAL,GLASGOW,310049,3.23061
BELFAST INTERNATIONAL,HEATHROW,0,-100
BELFAST INTERNATIONAL,ISLE OF MAN,20318,-8.05087
BELFAST INTERNATIONAL,JERSEY,18426,-5.25991
BELFAST INTERNATIONAL,LEEDS BRADFORD,41736,36.52601
BELFAST INTERNATIONAL,LIVERPOOL (JOHN LENNON),394000,-4.99041
BELFAST INTERNATIONAL,LUTON,363774,12.60784
BELFAST INTERNATIONAL,MANCHESTER,505205,38.15646
BELFAST INTERNATIONAL,NEWCASTLE,205878,5.72919
BELFAST INTERNATIONAL,SOUTHAMPTON,5332,0
BELFAST INTERNATIONAL,STANSTED,489238,66.56442
BENBECULA,GLASGOW,25561,6.38006
BENBECULA,INVERNESS,3307,2.00494
BENBECULA,STORNOWAY,1792,-39.64298
BIGGIN HILL,BIRMINGHAM,52,420
BIGGIN HILL,DONCASTER SHEFFIELD,0,-100
BIGGIN HILL,DUNDEE,3,0
BIGGIN HILL,EAST MIDLANDS INTERNATIONAL,87,0
BIGGIN HILL,EXETER,81,0
BIGGIN HILL,FARNBOROUGH,4,0
BIGGIN HILL,GLASGOW,0,-100
BIGGIN HILL,HUMBERSIDE,43,-37.68116
BIGGIN HILL,LEEDS BRADFORD,0,-100
BIGGIN HILL,LIVERPOOL (JOHN LENNON),325,712.5
BIGGIN HILL,LUTON,2,-77.77778
BIGGIN HILL,MANCHESTER,366,98.91304
BIGGIN HILL,NEWCASTLE,315,0
BIGGIN HILL,STANSTED,3,0
BIGGIN HILL,TEESSIDE INTERNATIONAL AIRPORT,0,-100
BIRMINGHAM,ABERDEEN,53327,6.70095
BIRMINGHAM,BELFAST CITY (GEORGE BEST),146154,3.71122
BIRMINGHAM,BELFAST INTERNATIONAL,348990,11.19891
BIRMINGHAM,BOURNEMOUTH,326,640.90909
BIRMINGHAM,CARDIFF WALES,0,-100
BIRMINGHAM,CITY OF DERRY (EGLINTON),323,0
BIRMINGHAM,DUNDEE,0,-100
BIRMINGHAM,EAST MIDLANDS INTERNATIONAL,0,-100
BIRMINGHAM,EDINBURGH,214327,24.97128
BIRMINGHAM,GATWICK,301,-48.10345
BIRMINGHAM,GLASGOW,163724,-10.78684
BIRMINGHAM,GUERNSEY,32079,10.9194
BIRMINGHAM,HEATHROW,0,-100
BIRMINGHAM,INVERNESS,17715,-5.17103
BIRMINGHAM,ISLE OF MAN,20077,-9.77846
BIRMINGHAM,JERSEY,32998,-18.20233
BIRMINGHAM,LEEDS BRADFORD,0,-100
BIRMINGHAM,LIVERPOOL (JOHN LENNON),87,0
BIRMINGHAM,LUTON,0,-100
BIRMINGHAM,MANCHESTER,268,0
BIRMINGHAM,NEWCASTLE,448,282.90598
BIRMINGHAM,PRESTWICK,0,-100
BIRMINGHAM,SOUTHAMPTON,36,-75
BIRMINGHAM,STANSTED,210,-44.88189
BOURNEMOUTH,BIRMINGHAM,368,0
BOURNEMOUTH,BLACKPOOL,46,-77.99043
BOURNEMOUTH,CARDIFF WALES,47,-56.48148
BOURNEMOUTH,DONCASTER SHEFFIELD,0,-100
BOURNEMOUTH,EAST MIDLANDS INTERNATIONAL,343,141.5493
BOURNEMOUTH,EDINBURGH,48192,126721.0526
BOURNEMOUTH,GATWICK,689,124.42997
BOURNEMOUTH,HUMBERSIDE,0,-100
BOURNEMOUTH,LEEDS BRADFORD,101,9.78261
BOURNEMOUTH,LIVERPOOL (JOHN LENNON),267,184.04255
BOURNEMOUTH,MANCHESTER,340,100
BOURNEMOUTH,NEWCASTLE,0,-100
BOURNEMOUTH,TEESSIDE INTERNATIONAL AIRPORT,0,-100
BRISTOL,ABERDEEN,16344,4.94414
BRISTOL,BELFAST CITY (GEORGE BEST),44215,300.09954
BRISTOL,BELFAST INTERNATIONAL,269385,7.21535
BRISTOL,BIRMINGHAM,23,-94.60094
BRISTOL,CARDIFF WALES,538,860.71429
BRISTOL,EAST MIDLANDS INTERNATIONAL,18,-81.63265
BRISTOL,EDINBURGH,422825,42.54915
BRISTOL,EXETER,822,153.7037
BRISTOL,GATWICK,712,11766.66667
BRISTOL,GLASGOW,295945,1.81758
BRISTOL,GUERNSEY,25750,8.37086
BRISTOL,INVERNESS,83762,22.74619
BRISTOL,ISLE OF MAN,27238,-12.04469
BRISTOL,JERSEY,35908,-1.83439
BRISTOL,LEEDS BRADFORD,10,0
BRISTOL,LIVERPOOL (JOHN LENNON),0,-100
BRISTOL,MANCHESTER,246,192.85714
BRISTOL,NEWCASTLE,143216,14.32403
BRISTOL,NEWQUAY,93,0
BRISTOL,NORWICH,114,225.71429
BRISTOL,STANSTED,186,111.36364
BRISTOL,TEESSIDE INTERNATIONAL AIRPORT,72,1.40845
CAMPBELTOWN,GLASGOW,7004,22.68348
CAMPBELTOWN,ISLAY,2,-96
CAMPBELTOWN,TIREE,66,94.11765
CARDIFF WALES,ABERDEEN,1,-96.2963
CARDIFF WALES,BELFAST CITY (GEORGE BEST),35639,150.71403
CARDIFF WALES,BELFAST INTERNATIONAL,11546,4306.87023
CARDIFF WALES,BIGGIN HILL,47,0
CARDIFF WALES,BIRMINGHAM,0,-100
CARDIFF WALES,BLACKPOOL,91,0
CARDIFF WALES,BOURNEMOUTH,47,14.63415
CARDIFF WALES,BRISTOL,0,-100
CARDIFF WALES,EAST MIDLANDS INTERNATIONAL,65,38.29787
CARDIFF WALES,EDINBURGH,20320,-0.9457
CARDIFF WALES,GLASGOW,175,-43.7299
CARDIFF WALES,HUMBERSIDE,108,-27.51678
CARDIFF WALES,LEEDS BRADFORD,259,354.38596
CARDIFF WALES,LIVERPOOL (JOHN LENNON),0,-100
CARDIFF WALES,MANCHESTER,230,-20.68966
CARDIFF WALES,NEWCASTLE,118,-40.40404
CARDIFF WALES,NORWICH,148,-3.8961
CARDIFF WALES,SOUTHAMPTON,0,-100
CARDIFF WALES,STANSTED,28,3.7037
CARDIFF WALES,TEESSIDE INTERNATIONAL AIRPORT,357,410
CITY OF DERRY (EGLINTON),BIRMINGHAM,323,0
CITY OF DERRY (EGLINTON),EDINBURGH,245,-96.35036
CITY OF DERRY (EGLINTON),GLASGOW,15855,1.71286
CITY OF DERRY (EGLINTON),HEATHROW,46760,0
CITY OF DERRY (EGLINTON),LIVERPOOL (JOHN LENNON),10703,-53.57623
CITY OF DERRY (EGLINTON),MANCHESTER,56967,3.87098
CITY OF DERRY (EGLINTON),STANSTED,19058,-67.48004
DONCASTER SHEFFIELD,BIGGIN HILL,0,-100
DONCASTER SHEFFIELD,BOURNEMOUTH,0,-100
DONCASTER SHEFFIELD,FARNBOROUGH,0,-100
DONCASTER SHEFFIELD,NORWICH,0,-100
DUNDEE,BELFAST CITY (GEORGE BEST),3071,-55.5443
DUNDEE,BIGGIN HILL,3,0
DUNDEE,HEATHROW,18742,0
DUNDEE,KIRKWALL,450,0
DUNDEE,LONDON CITY,8544,-69.71394
DUNDEE,SUMBURGH,1743,28.92012
EAST MIDLANDS INTERNATIONAL,ABERDEEN,202,0
EAST MIDLANDS INTERNATIONAL,BELFAST CITY (GEORGE BEST),37276,108.18766
EAST MIDLANDS INTERNATIONAL,BELFAST INTERNATIONAL,39785,265.63735
EAST MIDLANDS INTERNATIONAL,BIRMINGHAM,671,33.13492
EAST MIDLANDS INTERNATIONAL,BOURNEMOUTH,69,-47.72727
EAST MIDLANDS INTERNATIONAL,BRISTOL,0,-100
EAST MIDLANDS INTERNATIONAL,CARDIFF WALES,65,-8.4507
EAST MIDLANDS INTERNATIONAL,DONCASTER SHEFFIELD,0,-100
EAST MIDLANDS INTERNATIONAL,EDINBURGH,84,0
EAST MIDLANDS INTERNATIONAL,EXETER,0,-100
EAST MIDLANDS INTERNATIONAL,GLASGOW,40,-43.66197
EAST MIDLANDS INTERNATIONAL,GUERNSEY,11218,-11.13752
EAST MIDLANDS INTERNATIONAL,HUMBERSIDE,537,278.16901
EAST MIDLANDS INTERNATIONAL,JERSEY,26303,-1.09051
EAST MIDLANDS INTERNATIONAL,LEEDS BRADFORD,0,-100
EAST MIDLANDS INTERNATIONAL,LIVERPOOL (JOHN LENNON),0,-100
EAST MIDLANDS INTERNATIONAL,MANCHESTER,787,-24.25409
EAST MIDLANDS INTERNATIONAL,NEWCASTLE,98,-89.13525
EAST MIDLANDS INTERNATIONAL,NEWQUAY,2828,0
EAST MIDLANDS INTERNATIONAL,SOUTHAMPTON,34,0
EAST MIDLANDS INTERNATIONAL,STANSTED,530,3017.64706
EDINBURGH,ABERDEEN,203,-16.80328
EDINBURGH,BELFAST CITY (GEORGE BEST),117671,38.76624
EDINBURGH,BELFAST INTERNATIONAL,434261,41.33524
EDINBURGH,BIRMINGHAM,215703,25.10106
EDINBURGH,BOURNEMOUTH,48140,0
EDINBURGH,BRISTOL,422681,42.54914
EDINBURGH,CARDIFF WALES,20357,-0.52287
EDINBURGH,CITY OF DERRY (EGLINTON),245,-96.33672
EDINBURGH,EAST MIDLANDS INTERNATIONAL,102,0
EDINBURGH,EXETER,24003,0.29248
EDINBURGH,GATWICK,459475,12.18446
EDINBURGH,GLASGOW,1195,578.97727
EDINBURGH,GUERNSEY,877,-61.24613
EDINBURGH,HEATHROW,1049428,43.20347
EDINBURGH,HUMBERSIDE,0,-100
EDINBURGH,INVERNESS,495,0
EDINBURGH,ISLE OF MAN,11367,17.28229
EDINBURGH,JERSEY,17932,1106.72948
EDINBURGH,KIRKWALL,38745,12.36949
EDINBURGH,LEEDS BRADFORD,296,0
EDINBURGH,LONDON CITY,342973,12.54832
EDINBURGH,LUTON,313533,27.21353
EDINBURGH,MANCHESTER,670,1.6692
EDINBURGH,NEWCASTLE,498,243.44828
EDINBURGH,NEWQUAY,20867,62.71834
EDINBURGH,NORWICH,0,-100
EDINBURGH,PRESTWICK,162,0
EDINBURGH,SOUTHAMPTON,89058,9.09692
EDINBURGH,STANSTED,600026,125.1699
EDINBURGH,STORNOWAY,18513,11.65862
EDINBURGH,SUMBURGH,37191,-3.20137
EXETER,BELFAST CITY (GEORGE BEST),30857,55.70974
EXETER,BIGGIN HILL,83,0
EXETER,BIRMINGHAM,32,0
EXETER,BRISTOL,2169,168.77323
EXETER,CARDIFF WALES,43,0
EXETER,EAST MIDLANDS INTERNATIONAL,31,287.5
EXETER,EDINBURGH,23998,0.37644
EXETER,GLASGOW,12773,-0.96914
EXETER,GLOUCESTERSHIRE,0,-100
EXETER,GUERNSEY,17012,3.89642
EXETER,HEATHROW,41,0
EXETER,ISLES OF SCILLY (ST.MARYS),8063,-31.79088
EXETER,JERSEY,28204,-4.4159
EXETER,LANDS END (ST JUST),99,106.25
EXETER,MANCHESTER,133,-62.32295
EXETER,NEWCASTLE,13597,-12.12435
EXETER,NEWQUAY,12,0
EXETER,NORWICH,108,-97.7887
EXETER,SOUTHAMPTON,0,-100
EXETER,STANSTED,0,-100
EXETER,TEESSIDE INTERNATIONAL AIRPORT,85,0
GLASGOW,ABERDEEN,201,120.87912
GLASGOW,BARRA,12917,-3.96997
GLASGOW,BELFAST CITY (GEORGE BEST),104227,61.40707
GLASGOW,BELFAST INTERNATIONAL,309943,3.14483
GLASGOW,BENBECULA,26339,7.0343
GLASGOW,BIRMINGHAM,164220,-10.76503
GLASGOW,BRISTOL,296326,2.07578
GLASGOW,CAMPBELTOWN,7146,20.02015
GLASGOW,CARDIFF WALES,215,-30.86817
GLASGOW,CITY OF DERRY (EGLINTON),15875,1.48309
GLASGOW,EAST MIDLANDS INTERNATIONAL,40,0
GLASGOW,EDINBURGH,486,147.95918
GLASGOW,EXETER,12849,-0.09331
GLASGOW,GATWICK,466319,7.43044
GLASGOW,GUERNSEY,0,-100
GLASGOW,HEATHROW,859520,23.72001
GLASGOW,INVERNESS,144,0
GLASGOW,ISLAY,28990,11.59013
GLASGOW,ISLE OF MAN,0,-100
GLASGOW,JERSEY,51034,3.77827
GLASGOW,KIRKWALL,17534,7.85508
GLASGOW,LEEDS BRADFORD,329,0
GLASGOW,LIVERPOOL (JOHN LENNON),0,-100
GLASGOW,LONDON CITY,209062,18.10345
GLASGOW,LUTON,236550,12.60907
GLASGOW,MANCHESTER,28,-77.41935
GLASGOW,NEWCASTLE,373,360.49383
GLASGOW,NEWQUAY,5045,-7.87071
GLASGOW,NORWICH,72,0
GLASGOW,SOUTHAMPTON,87044,16.31922
GLASGOW,STANSTED,228993,6.21788
GLASGOW,STORNOWAY,66894,7.4896
GLASGOW,SUMBURGH,20080,-7.60594
GLASGOW,TIREE,11319,4.84439
GUERNSEY,ABERDEEN,460,0
GUERNSEY,ALDERNEY,32525,-3.22245
GUERNSEY,BELFAST CITY (GEORGE BEST),0,-100
GUERNSEY,BIRMINGHAM,32386,11.03645
GUERNSEY,BRISTOL,26285,9.07544
GUERNSEY,COMPTON ABASS,4,0
GUERNSEY,EAST MIDLANDS INTERNATIONAL,11324,-10.41848
GUERNSEY,EDINBURGH,859,-62.00796
GUERNSEY,EXETER,16110,0.20526
GUERNSEY,GATWICK,307327,9.29903
GUERNSEY,GLASGOW,6,-96.1039
GUERNSEY,ISLE OF MAN,478,71.94245
GUERNSEY,JERSEY,76798,7.17894
GUERNSEY,LEEDS BRADFORD,4104,8.42801
GUERNSEY,LONDON CITY,0,-100
GUERNSEY,MANCHESTER,63827,8.63615
GUERNSEY,SOUTHAMPTON,97466,0.67242
GUERNSEY,STORNOWAY,202,0
HUMBERSIDE,ABERDEEN,11275,9.76441
HUMBERSIDE,BIGGIN HILL,41,-42.25352
HUMBERSIDE,BOURNEMOUTH,0,-100
HUMBERSIDE,BRISTOL,140,324.24242
HUMBERSIDE,CARDIFF WALES,107,-1.83486
HUMBERSIDE,DONCASTER SHEFFIELD,0,-100
HUMBERSIDE,EAST MIDLANDS INTERNATIONAL,344,230.76923
HUMBERSIDE,FARNBOROUGH,100,0
HUMBERSIDE,GUERNSEY,100,0
HUMBERSIDE,JERSEY,1989,-4.42095
HUMBERSIDE,LEEDS BRADFORD,79,0
HUMBERSIDE,NEWCASTLE,37,-91.55251
HUMBERSIDE,NEWQUAY,1332,-39.09465
HUMBERSIDE,NORWICH,138,213.63636
HUMBERSIDE,STANSTED,33,0
HUMBERSIDE,TEESSIDE INTERNATIONAL AIRPORT,10,-86.84211
HUMBERSIDE,WARTON,20,0
INVERNESS,ABERDEEN,0,-100
INVERNESS,BELFAST CITY (GEORGE BEST),18243,-6.94246
INVERNESS,BENBECULA,4987,-14.76671
INVERNESS,BIRMINGHAM,18206,-5.19683
INVERNESS,BRISTOL,83629,21.34214
INVERNESS,EDINBURGH,52,0
INVERNESS,FARNBOROUGH,0,-100
INVERNESS,GATWICK,222505,2.86965
INVERNESS,GLASGOW,159,-19.69697
INVERNESS,HEATHROW,158717,20.4354
INVERNESS,KIRKWALL,1299,-29.85961
INVERNESS,LUTON,149898,28.94341
INVERNESS,MANCHESTER,27048,-23.69022
INVERNESS,NEWQUAY,0,-100
INVERNESS,NORWICH,0,-100
INVERNESS,STANSTED,132,0
INVERNESS,STORNOWAY,12180,-7.96433
INVERNESS,SUMBURGH,12538,-2.19206
ISLAY,CAMPBELTOWN,0,-100
ISLAY,COLONSAY,111,-4.31034
ISLAY,GLASGOW,28761,11.26543
ISLAY,OBAN (NORTH CONNEL),54,22.72727
ISLAY,TIREE,0,-100
ISLE OF MAN,BELFAST CITY (GEORGE BEST),9095,0
ISLE OF MAN,BELFAST INTERNATIONAL,19971,-9.2887
ISLE OF MAN,BIRMINGHAM,20141,-9.64515
ISLE OF MAN,BRISTOL,27072,-12.10104
ISLE OF MAN,EDINBURGH,11220,14.93546
ISLE OF MAN,FARNBOROUGH,0,-100
ISLE OF MAN,GATWICK,159823,6.55009
ISLE OF MAN,GUERNSEY,1013,260.49822
ISLE OF MAN,HEATHROW,33170,59.58624
ISLE OF MAN,LIVERPOOL (JOHN LENNON),171818,11.30704
ISLE OF MAN,LONDON CITY,18313,10.30599
ISLE OF MAN,LUTON,0,-100
ISLE OF MAN,MANCHESTER,119845,24.65286
ISLE OF MAN,NEWCASTLE,0,-100
ISLE OF MAN,TEESSIDE INTERNATIONAL AIRPORT,184,0
JERSEY,ALDERNEY,49,58.06452
JERSEY,BELFAST CITY (GEORGE BEST),1434,-33.24022
JERSEY,BELFAST INTERNATIONAL,18174,-7.12388
JERSEY,BIRMINGHAM,33338,-17.79356
JERSEY,BRISTOL,35732,-2.2514
JERSEY,CARDIFF WALES,0,-100
JERSEY,EAST MIDLANDS INTERNATIONAL,26945,-0.25912
JERSEY,EDINBURGH,17925,1107.07071
JERSEY,EXETER,28418,-3.58282
JERSEY,FARNBOROUGH,0,-100
JERSEY,GATWICK,342540,15.29956
JERSEY,GLASGOW,51018,2.39438
JERSEY,GUERNSEY,77257,6.57314
JERSEY,HEATHROW,335638,5.93564
JERSEY,HUMBERSIDE,1971,-8.83441
JERSEY,ISLE OF MAN,500,0
JERSEY,LEEDS BRADFORD,13248,-6.19557
JERSEY,LIVERPOOL (JOHN LENNON),118671,16.5704
JERSEY,LONDON CITY,3179,-21.13619
JERSEY,LUTON,101331,30.81044
JERSEY,MANCHESTER,87909,8.64095
JERSEY,NEWCASTLE,5501,-9.99673
JERSEY,NORWICH,3939,-8.09613
JERSEY,SOUTHAMPTON,99895,0.18956
JERSEY,STANSTED,3654,-38.84519
JERSEY,TEESSIDE INTERNATIONAL AIRPORT,2350,-1.05263
KIRKWALL,ABERDEEN,42821,4.56133
KIRKWALL,DUNDEE,209,0
KIRKWALL,EDAY,523,73.17881
KIRKWALL,EDINBURGH,38277,15.57414
KIRKWALL,GLASGOW,17340,9.65661
KIRKWALL,HEATHROW,2600,0
KIRKWALL,INVERNESS,5251,-9.02633
KIRKWALL,LONDON CITY,231,0
KIRKWALL,NORTH RONALDSAY,5903,6.72573
KIRKWALL,PAPA WESTRAY,4691,2.08923
KIRKWALL,SANDAY,3211,6.96203
KIRKWALL,STRONSAY,3033,1.26878
KIRKWALL,SUMBURGH,6171,-20.13718
KIRKWALL,WESTRAY,3368,4.72637
LEEDS BRADFORD,BELFAST CITY (GEORGE BEST),113169,19.46353
LEEDS BRADFORD,BELFAST INTERNATIONAL,41080,36.69184
LEEDS BRADFORD,BIRMINGHAM,0,-100
LEEDS BRADFORD,BOURNEMOUTH,191,0
LEEDS BRADFORD,CARDIFF WALES,101,50.74627
LEEDS BRADFORD,EDINBURGH,52,-31.57895
LEEDS BRADFORD,GUERNSEY,4082,9.34905
LEEDS BRADFORD,HEATHROW,0,-100
LEEDS BRADFORD,JERSEY,11922,-15.13383
LEEDS BRADFORD,LUTON,42,0
LEEDS BRADFORD,NEWCASTLE,0,-100
LEEDS BRADFORD,NEWQUAY,0,-100
LEEDS BRADFORD,NORWICH,68,0
LEEDS BRADFORD,SOUTHAMPTON,0,-100
LEEDS BRADFORD,STANSTED,47,0
LERWICK (TINGWALL),FAIR ISLE,1910,1.00476
LERWICK (TINGWALL),FOULA,1003,1.2109
LERWICK (TINGWALL),SUMBURGH,0,-100
LIVERPOOL (JOHN LENNON),ABERDEEN,178,0
LIVERPOOL (JOHN LENNON),BELFAST CITY (GEORGE BEST),116223,175.42953
LIVERPOOL (JOHN LENNON),BELFAST INTERNATIONAL,395118,-4.13922
LIVERPOOL (JOHN LENNON),BIGGIN HILL,249,12.66968
LIVERPOOL (JOHN LENNON),BIRMINGHAM,325,712.5
LIVERPOOL (JOHN LENNON),BOURNEMOUTH,352,-0.84507
LIVERPOOL (JOHN LENNON),BRISTOL,78,-45.45455
LIVERPOOL (JOHN LENNON),CARDIFF WALES,0,-100
LIVERPOOL (JOHN LENNON),CITY OF DERRY (EGLINTON),10546,-53.77602
LIVERPOOL (JOHN LENNON),DONCASTER SHEFFIELD,0,-100
LIVERPOOL (JOHN LENNON),EAST MIDLANDS INTERNATIONAL,0,-100
LIVERPOOL (JOHN LENNON),EDINBURGH,169,0
LIVERPOOL (JOHN LENNON),FARNBOROUGH,318,66.49215
LIVERPOOL (JOHN LENNON),GATWICK,1501,337.60933
LIVERPOOL (JOHN LENNON),GLASGOW,0,-100
LIVERPOOL (JOHN LENNON),HEATHROW,0,-100
LIVERPOOL (JOHN LENNON),ISLE OF MAN,171824,11.25687
LIVERPOOL (JOHN LENNON),JERSEY,118378,18.45263
LIVERPOOL (JOHN LENNON),LEEDS BRADFORD,34,-80.57143
LIVERPOOL (JOHN LENNON),LONDON CITY,0,-100
LIVERPOOL (JOHN LENNON),LUTON,1027,-37.07108
LIVERPOOL (JOHN LENNON),MANCHESTER,552,211.86441
LIVERPOOL (JOHN LENNON),NEWCASTLE,379,-29.6846
LIVERPOOL (JOHN LENNON),NORWICH,246,26.15385
LIVERPOOL (JOHN LENNON),PRESTWICK,54,-56.09756
LIVERPOOL (JOHN LENNON),SOUTHAMPTON,250,26.26263
LIVERPOOL (JOHN LENNON),SOUTHEND,45,0
LIVERPOOL (JOHN LENNON),STANSTED,689,-3.90516
MANCHESTER,ABERDEEN,70625,-18.03326
MANCHESTER,BELFAST CITY (GEORGE BEST),171634,54.68654
MANCHESTER,BELFAST INTERNATIONAL,502380,38.17212
MANCHESTER,BIGGIN HILL,28,0
MANCHESTER,BIRMINGHAM,580,0
MANCHESTER,BOURNEMOUTH,90,0
MANCHESTER,BRISTOL,45,0
MANCHESTER,BRIZE NORTON,0,-100
MANCHESTER,CAMBRIDGE,462,-30.83832
MANCHESTER,CARDIFF WALES,31,0
MANCHESTER,CITY OF DERRY (EGLINTON),56352,4.09532
MANCHESTER,EAST MIDLANDS INTERNATIONAL,277,52.1978
MANCHESTER,EDINBURGH,993,85.95506
MANCHESTER,EXETER,0,-100
MANCHESTER,GATWICK,136,-99.22143
MANCHESTER,GLASGOW,42,-75.29412
MANCHESTER,GUERNSEY,63274,7.98164
MANCHESTER,HEATHROW,573029,40.41731
MANCHESTER,INVERNESS,22076,-37.50778
MANCHESTER,ISLE OF MAN,119353,24.6038
MANCHESTER,JERSEY,87991,8.98608
MANCHESTER,LEEDS BRADFORD,479,0
MANCHESTER,LIVERPOOL (JOHN LENNON),248,51.21951
MANCHESTER,LONDON CITY,46,-95.42289
MANCHESTER,LUTON,334,302.40964
MANCHESTER,NEWCASTLE,178,-24.25532
MANCHESTER,NEWQUAY,75091,24.34138
MANCHESTER,NORWICH,0,-100
MANCHESTER,SOUTHAMPTON,5515,-49.2687
MANCHESTER,SOUTHEND,45,0
MANCHESTER,STANSTED,494,6.00858
MANCHESTER,STORNOWAY,4851,0
MANCHESTER,SUMBURGH,11361,34.33842
NEWCASTLE,ABERDEEN,20786,159.76006
NEWCASTLE,BELFAST CITY (GEORGE BEST),24802,914.81178
NEWCASTLE,BELFAST INTERNATIONAL,204379,5.44566
NEWCASTLE,BIRMINGHAM,0,-100
NEWCASTLE,BRISTOL,142391,14.62347
NEWCASTLE,EAST MIDLANDS INTERNATIONAL,86,-14
NEWCASTLE,EXETER,13453,-12.43817
NEWCASTLE,GATWICK,0,-100
NEWCASTLE,HEATHROW,435542,33.40909
NEWCASTLE,JERSEY,5421,-11.55164
NEWCASTLE,LEEDS BRADFORD,0,-100
NEWCASTLE,LIVERPOOL (JOHN LENNON),45,-75
NEWCASTLE,MANCHESTER,0,-100
NEWCASTLE,NEWQUAY,3968,-32.56288
NEWCASTLE,NORWICH,0,-100
NEWCASTLE,SOUTHAMPTON,46908,19.90185
NEWCASTLE,STANSTED,133,9.01639
NEWQUAY,ABERDEEN,3711,39.87938
NEWQUAY,BELFAST CITY (GEORGE BEST),14105,34302.43902
NEWQUAY,BRISTOL,156,0
NEWQUAY,CARDIFF WALES,4,0
NEWQUAY,EAST MIDLANDS INTERNATIONAL,2419,0
NEWQUAY,EDINBURGH,20815,61.61969
NEWQUAY,EXETER,5,0
NEWQUAY,GATWICK,84025,29.68622
NEWQUAY,GLASGOW,5073,-8.14775
NEWQUAY,HEATHROW,2668,-77.19853
NEWQUAY,HUMBERSIDE,1753,-20.42669
NEWQUAY,INVERNESS,76,-66.81223
NEWQUAY,ISLE OF MAN,1716,0
NEWQUAY,ISLES OF SCILLY (ST.MARYS),1530,-27.28137
NEWQUAY,LANDS END (ST JUST),52,550
NEWQUAY,LEEDS BRADFORD,33,-78.98089
NEWQUAY,MANCHESTER,72686,20.58663
NEWQUAY,NEWCASTLE,4019,-32.70261
NEWQUAY,PRESTWICK,29,0
NEWQUAY,SOUTHAMPTON,51,142.85714
NEWQUAY,SOUTHEND,0,-100
NEWQUAY,STANSTED,27281,0
NEWQUAY,SUMBURGH,2,-99.4429
NEWQUAY,TEESSIDE INTERNATIONAL AIRPORT,0,-100
NORWICH,ABERDEEN,32755,1.26445
NORWICH,BLACKPOOL,0,-100
NORWICH,BRISTOL,152,334.28571
NORWICH,CARDIFF WALES,112,-23.28767
NORWICH,DONCASTER SHEFFIELD,0,-100
NORWICH,EDINBURGH,0,-100
NORWICH,EXETER,147,-96.27282
NORWICH,GATWICK,0,-100
NORWICH,HUMBERSIDE,124,5.08475
NORWICH,JERSEY,3983,-7.06953
NORWICH,LEEDS BRADFORD,70,0
NORWICH,LIVERPOOL (JOHN LENNON),188,59.32203
NORWICH,LUTON,0,-100
NORWICH,MANCHESTER,85,-75.78348
NORWICH,NEWCASTLE,102,108.16327
NORWICH,SOUTHAMPTON,0,-100
NORWICH,TEESSIDE INTERNATIONAL AIRPORT,73,-32.40741
PRESTWICK,BRISTOL,0,-100
PRESTWICK,KIRKWALL,7,0
PRESTWICK,LIVERPOOL (JOHN LENNON),56,0
PRESTWICK,LUTON,0,-100
PRESTWICK,STANSTED,0,-100
SOUTHAMPTON,ABERDEEN,3224,179.1342
SOUTHAMPTON,ALDERNEY,17307,0.76856
SOUTHAMPTON,BELFAST CITY (GEORGE BEST),80284,30.70887
SOUTHAMPTON,BELFAST INTERNATIONAL,5242,0
SOUTHAMPTON,BENBECULA,12,0
SOUTHAMPTON,BIRMINGHAM,165,-44.44444
SOUTHAMPTON,CARDIFF WALES,0,-100
SOUTHAMPTON,DUNDEE,0,-100
SOUTHAMPTON,EAST MIDLANDS INTERNATIONAL,122,197.56098
SOUTHAMPTON,EDINBURGH,89152,9.03309
SOUTHAMPTON,EXETER,0,-100
SOUTHAMPTON,GATWICK,80,31.14754
SOUTHAMPTON,GLASGOW,82284,9.70907
SOUTHAMPTON,GUERNSEY,97055,-0.31737
SOUTHAMPTON,HUMBERSIDE,100,0
SOUTHAMPTON,JERSEY,99522,-0.3704
SOUTHAMPTON,LEEDS BRADFORD,229,-71.26725
SOUTHAMPTON,LIVERPOOL (JOHN LENNON),89,-47.95322
SOUTHAMPTON,MANCHESTER,5824,-49.09981
SOUTHAMPTON,NEWCASTLE,43753,10.42603
SOUTHAMPTON,NEWQUAY,51,-42.04545
SOUTHAMPTON,NORWICH,0,-100
SOUTHAMPTON,STORNOWAY,5201,0
SOUTHAMPTON,TEESSIDE INTERNATIONAL AIRPORT,105,-31.37255
STORNOWAY,BENBECULA,4249,-15.17269
STORNOWAY,EDINBURGH,18365,10.85959
STORNOWAY,GLASGOW,59211,-4.09
STORNOWAY,GUERNSEY,205,0
STORNOWAY,INVERNESS,15297,-13.91187
STORNOWAY,MANCHESTER,1252,0
STORNOWAY,SOUTHAMPTON,6622,0
SUMBURGH,ABERDEEN,95752,3.13436
SUMBURGH,DUNDEE,1185,-11.16942
SUMBURGH,EDINBURGH,36616,2.19369
SUMBURGH,FAIR ISLE,0,-100
SUMBURGH,FOULA,0,-100
SUMBURGH,GLASGOW,19938,-7.12689
SUMBURGH,HEATHROW,2852,0
SUMBURGH,INVERNESS,12760,60.06021
SUMBURGH,KIRKWALL,2922,-67.41385
SUMBURGH,LERWICK (TINGWALL),0,-100
SUMBURGH,LONDON CITY,667,-56.71642
SUMBURGH,MANCHESTER,8618,3139.84962
SUMBURGH,NEWQUAY,0,-100
SUMBURGH,SKEGNESS,0,-100
TEESSIDE INTERNATIONAL AIRPORT,ABERDEEN,14286,-32.99564
TEESSIDE INTERNATIONAL AIRPORT,BELFAST CITY (GEORGE BEST),1376,-82.70705
TEESSIDE INTERNATIONAL AIRPORT,BIGGIN HILL,0,-100
TEESSIDE INTERNATIONAL AIRPORT,BOURNEMOUTH,0,-100
TEESSIDE INTERNATIONAL AIRPORT,BRISTOL,145,38.09524
TEESSIDE INTERNATIONAL AIRPORT,CAMBRIDGE,39,0
TEESSIDE INTERNATIONAL AIRPORT,CARDIFF WALES,356,408.57143
TEESSIDE INTERNATIONAL AIRPORT,EXETER,164,0
TEESSIDE INTERNATIONAL AIRPORT,FARNBOROUGH,40,-44.44444
TEESSIDE INTERNATIONAL AIRPORT,GATWICK,0,-100
TEESSIDE INTERNATIONAL AIRPORT,HEATHROW,0,-100
TEESSIDE INTERNATIONAL AIRPORT,HUMBERSIDE,10,0
TEESSIDE INTERNATIONAL AIRPORT,ISLE OF MAN,92,0
TEESSIDE INTERNATIONAL AIRPORT,JERSEY,2356,-1.2987
TEESSIDE INTERNATIONAL AIRPORT,LUTON,31,-57.53425
TEESSIDE INTERNATIONAL AIRPORT,NEWQUAY,0,-100
TEESSIDE INTERNATIONAL AIRPORT,NORWICH,118,4.42478
TEESSIDE INTERNATIONAL AIRPORT,SOUTHAMPTON,94,-84.69055
TEESSIDE INTERNATIONAL AIRPORT,STANSTED,39,-51.25
TIREE,CAMPBELTOWN,74,270
TIREE,COLL,194,27.63158
TIREE,COLONSAY,17,0
TIREE,GLASGOW,11167,5.76814
TIREE,INVERNESS,4,0
TIREE,OBAN (NORTH CONNEL),251,-0.39683
WICK JOHN O GROATS,ABERDEEN,10674,53.56064
WICK JOHN O GROATS,FARNBOROUGH,34,0
