rundate,this_period,last_period,grp_cd,grp_name,apt1_apt_name,apt2_apt_name,total_pax_tp,total_pax_shd_tp,total_pax_cht_tp,total_pax_lp,total_pax_shd_lp,total_pax_cht_lp,total_pax_pc
19/03/2024 13:27,2023,2022,A,London Area Airports,GATWICK,ABERDEEN,194917,194917,0,162333,162333,0,20.07232
19/03/2024 13:27,2023,2022,A,London Area Airports,GATWICK,BELFAST CITY (GEORGE BEST),233493,233493,0,165388,165388,0,41.17892
19/03/2024 13:27,2023,2022,A,London Area Airports,GATWICK,BELFAST INTERNATIONAL,484490,484490,0,500189,499830,359,-3.13861
19/03/2024 13:27,2023,2022,A,London Area Airports,GATWICK,BIRMINGHAM,168,168,0,472,50,422,-64.40678
19/03/2024 13:27,2023,2022,A,London Area Airports,GATWICK,BRISTOL,201,201,0,285,0,285,-29.47368
19/03/2024 13:27,2023,2022,A,London Area Airports,GATWICK,DONCASTER SHEFFIELD,0,0,0,79,0,79,-100
19/03/2024 13:27,2023,2022,A,London Area Airports,GATWICK,EAST MIDLANDS INTERNATIONAL,169,169,0,113,0,113,49.55752
19/03/2024 13:27,2023,2022,A,London Area Airports,GATWICK,EDINBURGH,459436,459436,0,408754,408265,489,12.39914
19/03/2024 13:27,2023,2022,A,London Area Airports,GATWICK,FARNBOROUGH,0,0,0,40,0,40,-100
19/03/2024 13:27,2023,2022,A,London Area Airports,GATWICK,GLASGOW,466131,465944,187,434363,434182,181,7.3137
19/03/2024 13:27,2023,2022,A,London Area Airports,GATWICK,GUERNSEY,307579,307579,0,281889,281889,0,9.11352
19/03/2024 13:27,2023,2022,A,London Area Airports,GATWICK,HEATHROW,173,173,0,78,78,0,121.79487
19/03/2024 13:27,2023,2022,A,London Area Airports,GATWICK,INVERNESS,222964,222964,0,217214,217214,0,2.64716
19/03/2024 13:27,2023,2022,A,London Area Airports,GATWICK,ISLE OF MAN,160318,160318,0,150091,150091,0,6.81387
19/03/2024 13:27,2023,2022,A,London Area Airports,GATWICK,JERSEY,342837,342837,0,295047,295047,0,16.19742
19/03/2024 13:27,2023,2022,A,London Area Airports,GATWICK,LEEDS BRADFORD,94,0,94,46,0,46,104.34783
19/03/2024 13:27,2023,2022,A,London Area Airports,GATWICK,LIVERPOOL (JOHN LENNON),148,148,0,331,0,331,-55.28701
19/03/2024 13:27,2023,2022,A,London Area Airports,GATWICK,LONDON CITY,38,38,0,0,0,0,0
19/03/2024 13:27,2023,2022,A,London Area Airports,GATWICK,LUTON,262,262,0,0,0,0,0
19/03/2024 13:27,2023,2022,A,London Area Airports,GATWICK,MANCHESTER,438,283,155,18569,17555,1014,-97.64123
19/03/2024 13:27,2023,2022,A,London Area Airports,GATWICK,NEWCASTLE,0,0,0,191,0,191,-100
19/03/2024 13:27,2023,2022,A,London Area Airports,GATWICK,NEWQUAY,83948,83948,0,64519,64519,0,30.11361
19/03/2024 13:27,2023,2022,A,London Area Airports,GATWICK,NORWICH,0,0,0,111,0,111,-100
19/03/2024 13:27,2023,2022,A,London Area Airports,GATWICK,STANSTED,339,339,0,179,0,179,89.38547
19/03/2024 13:27,2023,2022,A,London Area Airports,GATWICK,TEESSIDE INTERNATIONAL AIRPORT,0,0,0,43,0,43,-100
19/03/2024 13:27,2023,2022,A,London Area Airports,HEATHROW,ABERDEEN,506327,506327,0,411683,411683,0,22.98953
19/03/2024 13:27,2023,2022,A,London Area Airports,HEATHROW,BELFAST CITY (GEORGE BEST),564018,564018,0,598977,598977,0,-5.83645
19/03/2024 13:27,2023,2022,A,London Area Airports,HEATHROW,BELFAST INTERNATIONAL,0,0,0,94,94,0,-100
19/03/2024 13:27,2023,2022,A,London Area Airports,HEATHROW,CITY OF DERRY (EGLINTON),46770,46770,0,0,0,0,0
19/03/2024 13:27,2023,2022,A,London Area Airports,HEATHROW,DUNDEE,19552,19552,0,0,0,0,0
19/03/2024 13:27,2023,2022,A,London Area Airports,HEATHROW,EDINBURGH,1049394,1049300,94,732421,732243,178,43.27743
19/03/2024 13:27,2023,2022,A,London Area Airports,HEATHROW,GATWICK,126,126,0,0,0,0,0
19/03/2024 13:27,2023,2022,A,London Area Airports,HEATHROW,GLASGOW,858173,858173,0,694334,694334,0,23.59657
19/03/2024 13:27,2023,2022,A,London Area Airports,HEATHROW,INVERNESS,159029,159029,0,132529,132529,0,19.99562
19/03/2024 13:27,2023,2022,A,London Area Airports,HEATHROW,ISLE OF MAN,33283,33283,0,20345,20345,0,63.59302
19/03/2024 13:27,2023,2022,A,London Area Airports,HEATHROW,JERSEY,334880,334880,0,316997,316997,0,5.64138
19/03/2024 13:27,2023,2022,A,London Area Airports,HEATHROW,KIRKWALL,2003,2003,0,0,0,0,0
19/03/2024 13:27,2023,2022,A,London Area Airports,HEATHROW,LEEDS BRADFORD,0,0,0,6266,6266,0,-100
19/03/2024 13:27,2023,2022,A,London Area Airports,HEATHROW,MANCHESTER,577540,577540,0,412547,412547,0,39.99375
19/03/2024 13:27,2023,2022,A,London Area Airports,HEATHROW,NEWCASTLE,437735,437735,0,328801,328801,0,33.13068
19/03/2024 13:27,2023,2022,A,London Area Airports,HEATHROW,NEWQUAY,2697,2697,0,11704,11704,0,-76.9566
19/03/2024 13:27,2023,2022,A,London Area Airports,HEATHROW,SOUTHAMPTON,0,0,0,41,41,0,-100
19/03/2024 13:27,2023,2022,A,London Area Airports,HEATHROW,SUMBURGH,2194,2194,0,0,0,0,0
19/03/2024 13:27,2023,2022,A,London Area Airports,HEATHROW,TEESSIDE INTERNATIONAL AIRPORT,0,0,0,5007,5007,0,-100
19/03/2024 13:27,2023,2022,A,London Area Airports,LONDON CITY,ABERDEEN,1072,1072,0,4441,4441,0,-75.86129
19/03/2024 13:27,2023,2022,A,London Area Airports,LONDON CITY,BELFAST CITY (GEORGE BEST),132133,132133,0,121502,121502,0,8.74965
19/03/2024 13:27,2023,2022,A,London Area Airports,LONDON CITY,BELFAST INTERNATIONAL,85,85,0,0,0,0,0
19/03/2024 13:27,2023,2022,A,London Area Airports,LONDON CITY,DUNDEE,9272,9272,0,29042,29042,0,-68.07382
19/03/2024 13:27,2023,2022,A,London Area Airports,LONDON CITY,EDINBURGH,342810,342810,0,304035,304035,0,12.75347
19/03/2024 13:27,2023,2022,A,London Area Airports,LONDON CITY,GATWICK,38,38,0,0,0,0,0
19/03/2024 13:27,2023,2022,A,London Area Airports,LONDON CITY,GLASGOW,208629,208629,0,176763,176763,0,18.02753
19/03/2024 13:27,2023,2022,A,London Area Airports,LONDON CITY,GUERNSEY,0,0,0,2601,2601,0,-100
19/03/2024 13:27,2023,2022,A,London Area Airports,LONDON CITY,ISLE OF MAN,18262,18262,0,17116,17116,0,6.69549
19/03/2024 13:27,2023,2022,A,London Area Airports,LONDON CITY,JERSEY,3176,3176,0,4032,4032,0,-21.23016
19/03/2024 13:27,2023,2022,A,London Area Airports,LONDON CITY,KIRKWALL,41,41,0,0,0,0,0
19/03/2024 13:27,2023,2022,A,London Area Airports,LONDON CITY,LIVERPOOL (JOHN LENNON),0,0,0,30,30,0,-100
19/03/2024 13:27,2023,2022,A,London Area Airports,LONDON CITY,MANCHESTER,100,0,100,1034,1034,0,-90.32882
19/03/2024 13:27,2023,2022,A,London Area Airports,LONDON CITY,SOUTHAMPTON,93,93,0,0,0,0,0
19/03/2024 13:27,2023,2022,A,London Area Airports,LONDON CITY,SUMBURGH,35,35,0,123,123,0,-71.54472
19/03/2024 13:27,2023,2022,A,London Area Airports,LUTON,ABERDEEN,80169,80169,0,67572,67508,64,18.64234
19/03/2024 13:27,2023,2022,A,London Area Airports,LUTON,BELFAST CITY (GEORGE BEST),30650,30650,0,0,0,0,0
19/03/2024 13:27,2023,2022,A,London Area Airports,LUTON,BELFAST INTERNATIONAL,364837,364837,0,323881,323881,0,12.64539
19/03/2024 13:27,2023,2022,A,London Area Airports,LUTON,BIRMINGHAM,0,0,0,303,303,0,-100
19/03/2024 13:27,2023,2022,A,London Area Airports,LUTON,BRISTOL,0,0,0,176,176,0,-100
19/03/2024 13:27,2023,2022,A,London Area Airports,LUTON,DUNDEE,0,0,0,45,45,0,-100
19/03/2024 13:27,2023,2022,A,London Area Airports,LUTON,EDINBURGH,313448,313448,0,246524,246524,0,27.14705
19/03/2024 13:27,2023,2022,A,London Area Airports,LUTON,GATWICK,1075,1074,1,4,4,0,26775
19/03/2024 13:27,2023,2022,A,London Area Airports,LUTON,GLASGOW,235998,235998,0,210698,210698,0,12.00771
19/03/2024 13:27,2023,2022,A,London Area Airports,LUTON,HEATHROW,0,0,0,167,167,0,-100
19/03/2024 13:27,2023,2022,A,London Area Airports,LUTON,INVERNESS,150135,150135,0,116363,116363,0,29.02297
19/03/2024 13:27,2023,2022,A,London Area Airports,LUTON,ISLE OF MAN,0,0,0,131,131,0,-100
19/03/2024 13:27,2023,2022,A,London Area Airports,LUTON,JERSEY,101451,101451,0,77100,77100,0,31.58366
19/03/2024 13:27,2023,2022,A,London Area Airports,LUTON,LIVERPOOL (JOHN LENNON),374,374,0,0,0,0,0
19/03/2024 13:27,2023,2022,A,London Area Airports,LUTON,LONDON CITY,203,203,0,0,0,0,0
19/03/2024 13:27,2023,2022,A,London Area Airports,LUTON,MANCHESTER,255,113,142,0,0,0,0
19/03/2024 13:27,2023,2022,A,London Area Airports,LUTON,PRESTWICK,0,0,0,180,180,0,-100
19/03/2024 13:27,2023,2022,A,London Area Airports,LUTON,STANSTED,5,5,0,0,0,0,0
19/03/2024 13:27,2023,2022,A,London Area Airports,SOUTHEND,GATWICK,0,0,0,68,0,68,-100
19/03/2024 13:27,2023,2022,A,London Area Airports,SOUTHEND,ISLE OF MAN,13,13,0,0,0,0,0
19/03/2024 13:27,2023,2022,A,London Area Airports,SOUTHEND,LIVERPOOL (JOHN LENNON),45,0,45,0,0,0,0
19/03/2024 13:27,2023,2022,A,London Area Airports,STANSTED,ABERDEEN,99,99,0,0,0,0,0
19/03/2024 13:27,2023,2022,A,London Area Airports,STANSTED,BELFAST INTERNATIONAL,489477,489477,0,293031,293031,0,67.03932
19/03/2024 13:27,2023,2022,A,London Area Airports,STANSTED,BIRMINGHAM,349,349,0,0,0,0,0
19/03/2024 13:27,2023,2022,A,London Area Airports,STANSTED,BRISTOL,180,180,0,84,84,0,114.28571
19/03/2024 13:27,2023,2022,A,London Area Airports,STANSTED,CITY OF DERRY (EGLINTON),19108,19108,0,58400,58400,0,-67.28082
19/03/2024 13:27,2023,2022,A,London Area Airports,STANSTED,EAST MIDLANDS INTERNATIONAL,180,180,0,0,0,0,0
19/03/2024 13:27,2023,2022,A,London Area Airports,STANSTED,EDINBURGH,599950,599950,0,265824,265485,339,125.69444
19/03/2024 13:27,2023,2022,A,London Area Airports,STANSTED,GATWICK,701,701,0,648,648,0,8.17901
19/03/2024 13:27,2023,2022,A,London Area Airports,STANSTED,GLASGOW,228389,228229,160,214969,214818,151,6.24276
19/03/2024 13:27,2023,2022,A,London Area Airports,STANSTED,HEATHROW,75,75,0,0,0,0,0
19/03/2024 13:27,2023,2022,A,London Area Airports,STANSTED,INVERNESS,140,0,140,0,0,0,0
19/03/2024 13:27,2023,2022,A,London Area Airports,STANSTED,JERSEY,3626,3626,0,5821,5821,0,-37.7083
19/03/2024 13:27,2023,2022,A,London Area Airports,STANSTED,LONDON CITY,98,98,0,0,0,0,0
19/03/2024 13:27,2023,2022,A,London Area Airports,STANSTED,MANCHESTER,120,120,0,185,185,0,-35.13514
19/03/2024 13:27,2023,2022,A,London Area Airports,STANSTED,NEWQUAY,27280,27280,0,0,0,0,0
19/03/2024 13:27,2023,2022,A,London Area Airports,STANSTED,PRESTWICK,0,0,0,154,154,0,-100
19/03/2024 13:27,2023,2022,B,Other Reporting Airports,ABERDEEN,BELFAST CITY (GEORGE BEST),20359,20359,0,21902,21874,28,-7.04502
19/03/2024 13:27,2023,2022,B,Other Reporting Airports,ABERDEEN,BELFAST INTERNATIONAL,189,189,0,0,0,0,0
19/03/2024 13:27,2023,2022,B,Other Reporting Airports,ABERDEEN,BIRMINGHAM,53421,53421,0,50098,50098,0,6.633
19/03/2024 13:27,2023,2022,B,Other Reporting Airports,ABERDEEN,BRISTOL,16231,16231,0,16050,16050,0,1.12773
19/03/2024 13:27,2023,2022,B,Other Reporting Airports,ABERDEEN,CITY OF DERRY (EGLINTON),27,27,0,0,0,0,0
19/03/2024 13:27,2023,2022,B,Other Reporting Airports,ABERDEEN,EDINBURGH,169,169,0,330,308,22,-48.78788
19/03/2024 13:27,2023,2022,B,Other Reporting Airports,ABERDEEN,EXETER,0,0,0,5116,5116,0,-100
19/03/2024 13:27,2023,2022,B,Other Reporting Airports,ABERDEEN,FARNBOROUGH,0,0,0,25,0,25,-100
19/03/2024 13:27,2023,2022,B,Other Reporting Airports,ABERDEEN,GATWICK,194377,194377,0,161865,161865,0,20.08587
19/03/2024 13:27,2023,2022,B,Other Reporting Airports,ABERDEEN,GLASGOW,72,57,15,3,3,0,2300
19/03/2024 13:27,2023,2022,B,Other Reporting Airports,ABERDEEN,GUERNSEY,358,90,268,0,0,0,0
19/03/2024 13:27,2023,2022,B,Other Reporting Airports,ABERDEEN,HEATHROW,504448,504448,0,409195,409195,0,23.27814
19/03/2024 13:27,2023,2022,B,Other Reporting Airports,ABERDEEN,HUMBERSIDE,10737,10737,0,11175,11175,0,-3.91946
19/03/2024 13:27,2023,2022,B,Other Reporting Airports,ABERDEEN,INVERNESS,0,0,0,83,53,30,-100
19/03/2024 13:27,2023,2022,B,Other Reporting Airports,ABERDEEN,ISLAY,0,0,0,42,0,42,-100
19/03/2024 13:27,2023,2022,B,Other Reporting Airports,ABERDEEN,KIRKWALL,43291,43273,18,41444,41444,0,4.45662
19/03/2024 13:27,2023,2022,B,Other Reporting Airports,ABERDEEN,LIVERPOOL (JOHN LENNON),177,177,0,0,0,0,0
19/03/2024 13:27,2023,2022,B,Other Reporting Airports,ABERDEEN,LONDON CITY,1140,1140,0,2110,2110,0,-45.97156
19/03/2024 13:27,2023,2022,B,Other Reporting Airports,ABERDEEN,LUTON,80144,79941,203,67339,67268,71,19.01573
19/03/2024 13:27,2023,2022,B,Other Reporting Airports,ABERDEEN,MANCHESTER,71549,71549,0,72848,72848,0,-1.78316
19/03/2024 13:27,2023,2022,B,Other Reporting Airports,ABERDEEN,NEWCASTLE,14397,14397,0,7348,7348,0,95.93087
19/03/2024 13:27,2023,2022,B,Other Reporting Airports,ABERDEEN,NEWQUAY,12412,12412,0,23565,23565,0,-47.32867
19/03/2024 13:27,2023,2022,B,Other Reporting Airports,ABERDEEN,NORWICH,32898,32898,0,28598,28387,211,15.03602
19/03/2024 13:27,2023,2022,B,Other Reporting Airports,ABERDEEN,SOUTHAMPTON,6115,6115,0,3129,3129,0,95.42985
19/03/2024 13:27,2023,2022,B,Other Reporting Airports,ABERDEEN,STANSTED,40,40,0,0,0,0,0
19/03/2024 13:27,2023,2022,B,Other Reporting Airports,ABERDEEN,STORNOWAY,16,0,16,0,0,0,0
19/03/2024 13:27,2023,2022,B,Other Reporting Airports,ABERDEEN,SUMBURGH,100792,68443,32349,91096,56456,34640,10.64372
19/03/2024 13:27,2023,2022,B,Other Reporting Airports,ABERDEEN,TEESSIDE INTERNATIONAL AIRPORT,14293,14231,62,18336,18336,0,-22.04952
19/03/2024 13:27,2023,2022,B,Other Reporting Airports,ABERDEEN,WICK JOHN O GROATS,10785,10785,0,7140,7140,0,51.05042
19/03/2024 13:27,2023,2022,B,Other Reporting Airports,ALDERNEY,GUERNSEY,32228,32228,0,33788,33788,0,-4.61702
19/03/2024 13:27,2023,2022,B,Other Reporting Airports,ALDERNEY,JERSEY,104,104,0,59,59,0,76.27119
19/03/2024 13:27,2023,2022,B,Other Reporting Airports,ALDERNEY,SOUTHAMPTON,17214,17214,0,17077,17077,0,0.80225
19/03/2024 13:27,2023,2022,B,Other Reporting Airports,BARRA,GLASGOW,12836,12836,0,13102,13102,0,-2.03022
19/03/2024 13:27,2023,2022,B,Other Reporting Airports,BARRA,TIREE,13,13,0,0,0,0,0
19/03/2024 13:27,2023,2022,B,Other Reporting Airports,BELFAST CITY (GEORGE BEST),ABERDEEN,20164,20164,0,21766,21766,0,-7.3601
19/03/2024 13:27,2023,2022,B,Other Reporting Airports,BELFAST CITY (GEORGE BEST),BELFAST INTERNATIONAL,11,11,0,4,4,0,175
19/03/2024 13:27,2023,2022,B,Other Reporting Airports,BELFAST CITY (GEORGE BEST),BIRMINGHAM,146122,146122,0,140600,140600,0,3.92745
19/03/2024 13:27,2023,2022,B,Other Reporting Airports,BELFAST CITY (GEORGE BEST),BRISTOL,43711,43711,0,10709,10709,0,308.1707
19/03/2024 13:27,2023,2022,B,Other Reporting Airports,BELFAST CITY (GEORGE BEST),BRIZE NORTON,12,0,12,0,0,0,0
19/03/2024 13:27,2023,2022,B,Other Reporting Airports,BELFAST CITY (GEORGE BEST),CARDIFF WALES,35463,35463,0,14063,14063,0,152.17237
19/03/2024 13:27,2023,2022,B,Other Reporting Airports,BELFAST CITY (GEORGE BEST),DUNDEE,3038,3038,0,6810,6810,0,-55.38913
19/03/2024 13:27,2023,2022,B,Other Reporting Airports,BELFAST CITY (GEORGE BEST),EAST MIDLANDS INTERNATIONAL,37161,37161,0,17982,17982,0,106.65666
19/03/2024 13:27,2023,2022,B,Other Reporting Airports,BELFAST CITY (GEORGE BEST),EDINBURGH,116994,116839,155,84315,84315,0,38.75823
19/03/2024 13:27,2023,2022,B,Other Reporting Airports,BELFAST CITY (GEORGE BEST),EXETER,30548,30548,0,19370,19370,0,57.7078
19/03/2024 13:27,2023,2022,B,Other Reporting Airports,BELFAST CITY (GEORGE BEST),GATWICK,228774,228774,0,163892,163892,0,39.58827
19/03/2024 13:27,2023,2022,B,Other Reporting Airports,BELFAST CITY (GEORGE BEST),GLASGOW,103076,103076,0,63869,63869,0,61.38659
19/03/2024 13:27,2023,2022,B,Other Reporting Airports,BELFAST CITY (GEORGE BEST),GUERNSEY,0,0,0,1001,1001,0,-100
19/03/2024 13:27,2023,2022,B,Other Reporting Airports,BELFAST CITY (GEORGE BEST),HEATHROW,559233,559233,0,593175,593175,0,-5.72209
19/03/2024 13:27,2023,2022,B,Other Reporting Airports,BELFAST CITY (GEORGE BEST),INVERNESS,18114,18114,0,19441,19441,0,-6.82578
19/03/2024 13:27,2023,2022,B,Other Reporting Airports,BELFAST CITY (GEORGE BEST),ISLE OF MAN,8917,8917,0,0,0,0,0
19/03/2024 13:27,2023,2022,B,Other Reporting Airports,BELFAST CITY (GEORGE BEST),JERSEY,1417,1417,0,2099,1970,129,-32.49166
19/03/2024 13:27,2023,2022,B,Other Reporting Airports,BELFAST CITY (GEORGE BEST),LEEDS BRADFORD,113405,113405,0,95013,95013,0,19.35735
19/03/2024 13:27,2023,2022,B,Other Reporting Airports,BELFAST CITY (GEORGE BEST),LIVERPOOL (JOHN LENNON),115405,115405,0,42059,42059,0,174.38836
19/03/2024 13:27,2023,2022,B,Other Reporting Airports,BELFAST CITY (GEORGE BEST),LONDON CITY,131551,131551,0,120708,120708,0,8.98283
19/03/2024 13:27,2023,2022,B,Other Reporting Airports,BELFAST CITY (GEORGE BEST),LUTON,30277,30277,0,0,0,0,0
19/03/2024 13:27,2023,2022,B,Other Reporting Airports,BELFAST CITY (GEORGE BEST),MANCHESTER,171514,171471,43,110810,110810,0,54.78206
19/03/2024 13:27,2023,2022,B,Other Reporting Airports,BELFAST CITY (GEORGE BEST),NEWCASTLE,24830,24830,0,2433,2433,0,920.55076
19/03/2024 13:27,2023,2022,B,Other Reporting Airports,BELFAST CITY (GEORGE BEST),NEWQUAY,13802,13802,0,0,0,0,0
19/03/2024 13:27,2023,2022,B,Other Reporting Airports,BELFAST CITY (GEORGE BEST),NORTHOLT,13,0,13,0,0,0,0
19/03/2024 13:27,2023,2022,B,Other Reporting Airports,BELFAST CITY (GEORGE BEST),SOUTHAMPTON,79810,79810,0,60593,60546,47,31.71488
19/03/2024 13:27,2023,2022,B,Other Reporting Airports,BELFAST CITY (GEORGE BEST),TEESSIDE INTERNATIONAL AIRPORT,1365,1365,0,7890,7890,0,-82.69962
19/03/2024 13:27,2023,2022,B,Other Reporting Airports,BELFAST INTERNATIONAL,BELFAST CITY (GEORGE BEST),323,323,0,369,137,232,-12.46612
19/03/2024 13:27,2023,2022,B,Other Reporting Airports,BELFAST INTERNATIONAL,BIRMINGHAM,350308,350016,292,316488,316296,192,10.68603
19/03/2024 13:27,2023,2022,B,Other Reporting Airports,BELFAST INTERNATIONAL,BRISTOL,272144,272144,0,250498,250498,0,8.64119
19/03/2024 13:27,2023,2022,B,Other Reporting Airports,BELFAST INTERNATIONAL,CARDIFF WALES,11770,11581,189,269,0,269,4275.46468
19/03/2024 13:27,2023,2022,B,Other Reporting Airports,BELFAST INTERNATIONAL,CITY OF DERRY (EGLINTON),17,0,17,0,0,0,0
19/03/2024 13:27,2023,2022,B,Other Reporting Airports,BELFAST INTERNATIONAL,EAST MIDLANDS INTERNATIONAL,40648,40607,41,10986,10804,182,269.99818
19/03/2024 13:27,2023,2022,B,Other Reporting Airports,BELFAST INTERNATIONAL,EDINBURGH,433876,433591,285,307431,307315,116,41.12955
19/03/2024 13:27,2023,2022,B,Other Reporting Airports,BELFAST INTERNATIONAL,GATWICK,484460,484460,0,500700,500340,360,-3.24346
19/03/2024 13:27,2023,2022,B,Other Reporting Airports,BELFAST INTERNATIONAL,GLASGOW,310049,309780,269,300346,300202,144,3.23061
19/03/2024 13:27,2023,2022,B,Other Reporting Airports,BELFAST INTERNATIONAL,HEATHROW,0,0,0,439,0,439,-100
19/03/2024 13:27,2023,2022,B,Other Reporting Airports,BELFAST INTERNATIONAL,ISLE OF MAN,20318,20318,0,22097,22097,0,-8.05087
19/03/2024 13:27,2023,2022,B,Other Reporting Airports,BELFAST INTERNATIONAL,JERSEY,18426,18426,0,19449,19449,0,-5.25991
19/03/2024 13:27,2023,2022,B,Other Reporting Airports,BELFAST INTERNATIONAL,LEEDS BRADFORD,41736,41567,169,30570,30515,55,36.52601
19/03/2024 13:27,2023,2022,B,Other Reporting Airports,BELFAST INTERNATIONAL,LIVERPOOL (JOHN LENNON),394000,394000,0,414695,414695,0,-4.99041
19/03/2024 13:27,2023,2022,B,Other Reporting Airports,BELFAST INTERNATIONAL,LUTON,363774,363770,4,323045,323045,0,12.60784
19/03/2024 13:27,2023,2022,B,Other Reporting Airports,BELFAST INTERNATIONAL,MANCHESTER,505205,504966,239,365676,365550,126,38.15646
19/03/2024 13:27,2023,2022,B,Other Reporting Airports,BELFAST INTERNATIONAL,NEWCASTLE,205878,205878,0,194722,194647,75,5.72919
19/03/2024 13:27,2023,2022,B,Other Reporting Airports,BELFAST INTERNATIONAL,SOUTHAMPTON,5332,5221,111,0,0,0,0
19/03/2024 13:27,2023,2022,B,Other Reporting Airports,BELFAST INTERNATIONAL,STANSTED,489238,489221,17,293723,293601,122,66.56442
19/03/2024 13:27,2023,2022,B,Other Reporting Airports,BENBECULA,GLASGOW,25561,25561,0,24028,24028,0,6.38006
19/03/2024 13:27,2023,2022,B,Other Reporting Airports,BENBECULA,INVERNESS,3307,3307,0,3242,3107,135,2.00494
19/03/2024 13:27,2023,2022,B,Other Reporting Airports,BENBECULA,STORNOWAY,1792,1792,0,2969,2969,0,-39.64298
19/03/2024 13:27,2023,2022,B,Other Reporting Airports,BIGGIN HILL,BIRMINGHAM,52,0,52,10,0,10,420
19/03/2024 13:27,2023,2022,B,Other Reporting Airports,BIGGIN HILL,DONCASTER SHEFFIELD,0,0,0,150,0,150,-100
19/03/2024 13:27,2023,2022,B,Other Reporting Airports,BIGGIN HILL,DUNDEE,3,0,3,0,0,0,0
19/03/2024 13:27,2023,2022,B,Other Reporting Airports,BIGGIN HILL,EAST MIDLANDS INTERNATIONAL,87,0,87,0,0,0,0
19/03/2024 13:27,2023,2022,B,Other Reporting Airports,BIGGIN HILL,EXETER,81,0,81,0,0,0,0
19/03/2024 13:27,2023,2022,B,Other Reporting Airports,BIGGIN HILL,FARNBOROUGH,4,0,4,0,0,0,0
19/03/2024 13:27,2023,2022,B,Other Reporting Airports,BIGGIN HILL,GLASGOW,0,0,0,7,0,7,-100
19/03/2024 13:27,2023,2022,B,Other Reporting Airports,BIGGIN HILL,HUMBERSIDE,43,0,43,69,0,69,-37.68116
19/03/2024 13:27,2023,2022,B,Other Reporting Airports,BIGGIN HILL,LEEDS BRADFORD,0,0,0,124,0,124,-100
19/03/2024 13:27,2023,2022,B,Other Reporting Airports,BIGGIN HILL,LIVERPOOL (JOHN LENNON),325,0,325,40,0,40,712.5
19/03/2024 13:27,2023,2022,B,Other Reporting Airports,BIGGIN HILL,LUTON,2,0,2,9,0,9,-77.77778
19/03/2024 13:27,2023,2022,B,Other Reporting Airports,BIGGIN HILL,MANCHESTER,366,0,366,184,0,184,98.91304
19/03/2024 13:27,2023,2022,B,Other Reporting Airports,BIGGIN HILL,NEWCASTLE,315,0,315,0,0,0,0
19/03/2024 13:27,2023,2022,B,Other Reporting Airports,BIGGIN HILL,STANSTED,3,0,3,0,0,0,0
19/03/2024 13:27,2023,2022,B,Other Reporting Airports,BIGGIN HILL,TEESSIDE INTERNATIONAL AIRPORT,0,0,0,38,0,38,-100
19/03/2024 13:27,2023,2022,B,Other Reporting Airports,BIRMINGHAM,ABERDEEN,53327,53141,186,49978,49978,0,6.70095
19/03/2024 13:27,2023,2022,B,Other Reporting Airports,BIRMINGHAM,BELFAST CITY (GEORGE BEST),146154,146154,0,140924,140924,0,3.71122
19/03/2024 13:27,2023,2022,B,Other Reporting Airports,BIRMINGHAM,BELFAST INTERNATIONAL,348990,348698,292,313843,313742,101,11.19891
19/03/2024 13:27,2023,2022,B,Other Reporting Airports,BIRMINGHAM,BOURNEMOUTH,326,138,188,44,0,44,640.90909
19/03/2024 13:27,2023,2022,B,Other Reporting Airports,BIRMINGHAM,CARDIFF WALES,0,0,0,2,0,2,-100
19/03/2024 13:27,2023,2022,B,Other Reporting Airports,BIRMINGHAM,CITY OF DERRY (EGLINTON),323,0,323,0,0,0,0
19/03/2024 13:27,2023,2022,B,Other Reporting Airports,BIRMINGHAM,DUNDEE,0,0,0,31,31,0,-100
19/03/2024 13:27,2023,2022,B,Other Reporting Airports,BIRMINGHAM,EAST MIDLANDS INTERNATIONAL,0,0,0,189,189,0,-100
19/03/2024 13:27,2023,2022,B,Other Reporting Airports,BIRMINGHAM,EDINBURGH,214327,213961,366,171501,171501,0,24.97128
19/03/2024 13:27,2023,2022,B,Other Reporting Airports,BIRMINGHAM,GATWICK,301,301,0,580,86,494,-48.10345
19/03/2024 13:27,2023,2022,B,Other Reporting Airports,BIRMINGHAM,GLASGOW,163724,163724,0,183520,183401,119,-10.78684
19/03/2024 13:27,2023,2022,B,Other Reporting Airports,BIRMINGHAM,GUERNSEY,32079,32079,0,28921,28870,51,10.9194
19/03/2024 13:27,2023,2022,B,Other Reporting Airports,BIRMINGHAM,HEATHROW,0,0,0,33,33,0,-100
19/03/2024 13:27,2023,2022,B,Other Reporting Airports,BIRMINGHAM,INVERNESS,17715,17715,0,18681,18681,0,-5.17103
19/03/2024 13:27,2023,2022,B,Other Reporting Airports,BIRMINGHAM,ISLE OF MAN,20077,20077,0,22253,22253,0,-9.77846
19/03/2024 13:27,2023,2022,B,Other Reporting Airports,BIRMINGHAM,JERSEY,32998,32998,0,40341,40341,0,-18.20233
19/03/2024 13:27,2023,2022,B,Other Reporting Airports,BIRMINGHAM,LEEDS BRADFORD,0,0,0,47,47,0,-100
19/03/2024 13:27,2023,2022,B,Other Reporting Airports,BIRMINGHAM,LIVERPOOL (JOHN LENNON),87,87,0,0,0,0,0
19/03/2024 13:27,2023,2022,B,Other Reporting Airports,BIRMINGHAM,LUTON,0,0,0,230,230,0,-100
19/03/2024 13:27,2023,2022,B,Other Reporting Airports,BIRMINGHAM,MANCHESTER,268,268,0,0,0,0,0
19/03/2024 13:27,2023,2022,B,Other Reporting Airports,BIRMINGHAM,NEWCASTLE,448,274,174,117,0,117,282.90598
19/03/2024 13:27,2023,2022,B,Other Reporting Airports,BIRMINGHAM,PRESTWICK,0,0,0,140,140,0,-100
19/03/2024 13:27,2023,2022,B,Other Reporting Airports,BIRMINGHAM,SOUTHAMPTON,36,0,36,144,144,0,-75
19/03/2024 13:27,2023,2022,B,Other Reporting Airports,BIRMINGHAM,STANSTED,210,210,0,381,381,0,-44.88189
19/03/2024 13:27,2023,2022,B,Other Reporting Airports,BOURNEMOUTH,BIRMINGHAM,368,0,368,0,0,0,0
19/03/2024 13:27,2023,2022,B,Other Reporting Airports,BOURNEMOUTH,BLACKPOOL,46,0,46,209,83,126,-77.99043
19/03/2024 13:27,2023,2022,B,Other Reporting Airports,BOURNEMOUTH,CARDIFF WALES,47,0,47,108,0,108,-56.48148
19/03/2024 13:27,2023,2022,B,Other Reporting Airports,BOURNEMOUTH,DONCASTER SHEFFIELD,0,0,0,83,0,83,-100
19/03/2024 13:27,2023,2022,B,Other Reporting Airports,BOURNEMOUTH,EAST MIDLANDS INTERNATIONAL,343,0,343,142,0,142,141.5493
19/03/2024 13:27,2023,2022,B,Other Reporting Airports,BOURNEMOUTH,EDINBURGH,48192,48192,0,38,0,38,126721.05263
19/03/2024 13:27,2023,2022,B,Other Reporting Airports,BOURNEMOUTH,GATWICK,689,334,355,307,307,0,124.42997
19/03/2024 13:27,2023,2022,B,Other Reporting Airports,BOURNEMOUTH,HUMBERSIDE,0,0,0,67,0,67,-100
19/03/2024 13:27,2023,2022,B,Other Reporting Airports,BOURNEMOUTH,LEEDS BRADFORD,101,0,101,92,0,92,9.78261
19/03/2024 13:27,2023,2022,B,Other Reporting Airports,BOURNEMOUTH,LIVERPOOL (JOHN LENNON),267,0,267,94,0,94,184.04255
19/03/2024 13:27,2023,2022,B,Other Reporting Airports,BOURNEMOUTH,MANCHESTER,340,0,340,170,0,170,100
19/03/2024 13:27,2023,2022,B,Other Reporting Airports,BOURNEMOUTH,NEWCASTLE,0,0,0,179,0,179,-100
19/03/2024 13:27,2023,2022,B,Other Reporting Airports,BOURNEMOUTH,TEESSIDE INTERNATIONAL AIRPORT,0,0,0,70,0,70,-100
19/03/2024 13:27,2023,2022,B,Other Reporting Airports,BRISTOL,ABERDEEN,16344,16344,0,15574,15574,0,4.94414
19/03/2024 13:27,2023,2022,B,Other Reporting Airports,BRISTOL,BELFAST CITY (GEORGE BEST),44215,44215,0,11051,11051,0,300.09954
19/03/2024 13:27,2023,2022,B,Other Reporting Airports,BRISTOL,BELFAST INTERNATIONAL,269385,269385,0,251256,251256,0,7.21535
19/03/2024 13:27,2023,2022,B,Other Reporting Airports,BRISTOL,BIRMINGHAM,23,23,0,426,357,69,-94.60094
19/03/2024 13:27,2023,2022,B,Other Reporting Airports,BRISTOL,CARDIFF WALES,538,538,0,56,0,56,860.71429
19/03/2024 13:27,2023,2022,B,Other Reporting Airports,BRISTOL,EAST MIDLANDS INTERNATIONAL,18,18,0,98,98,0,-81.63265
19/03/2024 13:27,2023,2022,B,Other Reporting Airports,BRISTOL,EDINBURGH,422825,422825,0,296617,296617,0,42.54915
19/03/2024 13:27,2023,2022,B,Other Reporting Airports,BRISTOL,EXETER,822,822,0,324,260,64,153.7037
19/03/2024 13:27,2023,2022,B,Other Reporting Airports,BRISTOL,GATWICK,712,712,0,6,6,0,11766.66667
19/03/2024 13:27,2023,2022,B,Other Reporting Airports,BRISTOL,GLASGOW,295945,295903,42,290662,290662,0,1.81758
19/03/2024 13:27,2023,2022,B,Other Reporting Airports,BRISTOL,GUERNSEY,25750,25750,0,23761,23665,96,8.37086
19/03/2024 13:27,2023,2022,B,Other Reporting Airports,BRISTOL,INVERNESS,83762,83762,0,68240,68240,0,22.74619
19/03/2024 13:27,2023,2022,B,Other Reporting Airports,BRISTOL,ISLE OF MAN,27238,27238,0,30968,30968,0,-12.04469
19/03/2024 13:27,2023,2022,B,Other Reporting Airports,BRISTOL,JERSEY,35908,35908,0,36579,36579,0,-1.83439
19/03/2024 13:27,2023,2022,B,Other Reporting Airports,BRISTOL,LEEDS BRADFORD,10,10,0,10,10,0,0
19/03/2024 13:27,2023,2022,B,Other Reporting Airports,BRISTOL,LIVERPOOL (JOHN LENNON),0,0,0,41,41,0,-100
19/03/2024 13:27,2023,2022,B,Other Reporting Airports,BRISTOL,MANCHESTER,246,212,34,84,50,34,192.85714
19/03/2024 13:27,2023,2022,B,Other Reporting Airports,BRISTOL,NEWCASTLE,143216,143216,0,125272,125081,191,14.32403
19/03/2024 13:27,2023,2022,B,Other Reporting Airports,BRISTOL,NEWQUAY,93,93,0,0,0,0,0
19/03/2024 13:27,2023,2022,B,Other Reporting Airports,BRISTOL,NORWICH,114,0,114,35,0,35,225.71429
19/03/2024 13:27,2023,2022,B,Other Reporting Airports,BRISTOL,STANSTED,186,186,0,88,88,0,111.36364
19/03/2024 13:27,2023,2022,B,Other Reporting Airports,BRISTOL,TEESSIDE INTERNATIONAL AIRPORT,72,35,37,71,0,71,1.40845
19/03/2024 13:27,2023,2022,B,Other Reporting Airports,CAMPBELTOWN,GLASGOW,7004,7004,0,5709,5709,0,22.68348
19/03/2024 13:27,2023,2022,B,Other Reporting Airports,CAMPBELTOWN,ISLAY,2,2,0,50,50,0,-96
19/03/2024 13:27,2023,2022,B,Other Reporting Airports,CAMPBELTOWN,TIREE,66,66,0,34,34,0,94.11765
19/03/2024 13:27,2023,2022,B,Other Reporting Airports,CARDIFF WALES,ABERDEEN,1,0,1,27,27,0,-96.2963
19/03/2024 13:27,2023,2022,B,Other Reporting Airports,CARDIFF WALES,BELFAST CITY (GEORGE BEST),35639,35457,182,14215,14215,0,150.71403
19/03/2024 13:27,2023,2022,B,Other Reporting Airports,CARDIFF WALES,BELFAST INTERNATIONAL,11546,11546,0,262,40,222,4306.87023
19/03/2024 13:27,2023,2022,B,Other Reporting Airports,CARDIFF WALES,BIGGIN HILL,47,0,47,0,0,0,0
19/03/2024 13:27,2023,2022,B,Other Reporting Airports,CARDIFF WALES,BIRMINGHAM,0,0,0,46,0,46,-100
19/03/2024 13:27,2023,2022,B,Other Reporting Airports,CARDIFF WALES,BLACKPOOL,91,0,91,0,0,0,0
19/03/2024 13:27,2023,2022,B,Other Reporting Airports,CARDIFF WALES,BOURNEMOUTH,47,0,47,41,0,41,14.63415
19/03/2024 13:27,2023,2022,B,Other Reporting Airports,CARDIFF WALES,BRISTOL,0,0,0,75,75,0,-100
19/03/2024 13:27,2023,2022,B,Other Reporting Airports,CARDIFF WALES,EAST MIDLANDS INTERNATIONAL,65,0,65,47,0,47,38.29787
19/03/2024 13:27,2023,2022,B,Other Reporting Airports,CARDIFF WALES,EDINBURGH,20320,19848,472,20514,19933,581,-0.9457
19/03/2024 13:27,2023,2022,B,Other Reporting Airports,CARDIFF WALES,GLASGOW,175,0,175,311,0,311,-43.7299
19/03/2024 13:27,2023,2022,B,Other Reporting Airports,CARDIFF WALES,HUMBERSIDE,108,0,108,149,0,149,-27.51678
19/03/2024 13:27,2023,2022,B,Other Reporting Airports,CARDIFF WALES,LEEDS BRADFORD,259,0,259,57,0,57,354.38596
19/03/2024 13:27,2023,2022,B,Other Reporting Airports,CARDIFF WALES,LIVERPOOL (JOHN LENNON),0,0,0,281,0,281,-100
19/03/2024 13:27,2023,2022,B,Other Reporting Airports,CARDIFF WALES,MANCHESTER,230,0,230,290,0,290,-20.68966
19/03/2024 13:27,2023,2022,B,Other Reporting Airports,CARDIFF WALES,NEWCASTLE,118,0,118,198,0,198,-40.40404
19/03/2024 13:27,2023,2022,B,Other Reporting Airports,CARDIFF WALES,NORWICH,148,0,148,154,0,154,-3.8961
19/03/2024 13:27,2023,2022,B,Other Reporting Airports,CARDIFF WALES,SOUTHAMPTON,0,0,0,38,0,38,-100
19/03/2024 13:27,2023,2022,B,Other Reporting Airports,CARDIFF WALES,STANSTED,28,0,28,27,0,27,3.7037
19/03/2024 13:27,2023,2022,B,Other Reporting Airports,CARDIFF WALES,TEESSIDE INTERNATIONAL AIRPORT,357,0,357,70,0,70,410
19/03/2024 13:27,2023,2022,B,Other Reporting Airports,CITY OF DERRY (EGLINTON),BIRMINGHAM,323,0,323,0,0,0,0
19/03/2024 13:27,2023,2022,B,Other Reporting Airports,CITY OF DERRY (EGLINTON),EDINBURGH,245,79,166,6713,6713,0,-96.35036
19/03/2024 13:27,2023,2022,B,Other Reporting Airports,CITY OF DERRY (EGLINTON),GLASGOW,15855,15534,321,15588,15588,0,1.71286
19/03/2024 13:27,2023,2022,B,Other Reporting Airports,CITY OF DERRY (EGLINTON),HEATHROW,46760,46760,0,0,0,0,0
19/03/2024 13:27,2023,2022,B,Other Reporting Airports,CITY OF DERRY (EGLINTON),LIVERPOOL (JOHN LENNON),10703,10703,0,23055,23055,0,-53.57623
19/03/2024 13:27,2023,2022,B,Other Reporting Airports,CITY OF DERRY (EGLINTON),MANCHESTER,56967,56967,0,54844,54844,0,3.87098
19/03/2024 13:27,2023,2022,B,Other Reporting Airports,CITY OF DERRY (EGLINTON),STANSTED,19058,19058,0,58604,58604,0,-67.48004
19/03/2024 13:27,2023,2022,B,Other Reporting Airports,DONCASTER SHEFFIELD,BIGGIN HILL,0,0,0,147,0,147,-100
19/03/2024 13:27,2023,2022,B,Other Reporting Airports,DONCASTER SHEFFIELD,BOURNEMOUTH,0,0,0,80,0,80,-100
19/03/2024 13:27,2023,2022,B,Other Reporting Airports,DONCASTER SHEFFIELD,FARNBOROUGH,0,0,0,108,0,108,-100
19/03/2024 13:27,2023,2022,B,Other Reporting Airports,DONCASTER SHEFFIELD,NORWICH,0,0,0,71,0,71,-100
19/03/2024 13:27,2023,2022,B,Other Reporting Airports,DUNDEE,BELFAST CITY (GEORGE BEST),3071,3071,0,6908,6908,0,-55.5443
19/03/2024 13:27,2023,2022,B,Other Reporting Airports,DUNDEE,BIGGIN HILL,3,0,3,3,0,3,0
19/03/2024 13:27,2023,2022,B,Other Reporting Airports,DUNDEE,HEATHROW,18742,18742,0,0,0,0,0
19/03/2024 13:27,2023,2022,B,Other Reporting Airports,DUNDEE,KIRKWALL,450,450,0,0,0,0,0
19/03/2024 13:27,2023,2022,B,Other Reporting Airports,DUNDEE,LONDON CITY,8544,8544,0,28211,28211,0,-69.71394
19/03/2024 13:27,2023,2022,B,Other Reporting Airports,DUNDEE,SUMBURGH,1743,1743,0,1352,1352,0,28.92012
19/03/2024 13:27,2023,2022,B,Other Reporting Airports,EAST MIDLANDS INTERNATIONAL,ABERDEEN,202,202,0,0,0,0,0
19/03/2024 13:27,2023,2022,B,Other Reporting Airports,EAST MIDLANDS INTERNATIONAL,BELFAST CITY (GEORGE BEST),37276,37276,0,17905,17905,0,108.18766
19/03/2024 13:27,2023,2022,B,Other Reporting Airports,EAST MIDLANDS INTERNATIONAL,BELFAST INTERNATIONAL,39785,39785,0,10881,10699,182,265.63735
19/03/2024 13:27,2023,2022,B,Other Reporting Airports,EAST MIDLANDS INTERNATIONAL,BIRMINGHAM,671,671,0,504,342,162,33.13492
19/03/2024 13:27,2023,2022,B,Other Reporting Airports,EAST MIDLANDS INTERNATIONAL,BOURNEMOUTH,69,69,0,132,0,132,-47.72727
19/03/2024 13:27,2023,2022,B,Other Reporting Airports,EAST MIDLANDS INTERNATIONAL,BRISTOL,0,0,0,349,349,0,-100
19/03/2024 13:27,2023,2022,B,Other Reporting Airports,EAST MIDLANDS INTERNATIONAL,CARDIFF WALES,65,0,65,71,0,71,-8.4507
19/03/2024 13:27,2023,2022,B,Other Reporting Airports,EAST MIDLANDS INTERNATIONAL,DONCASTER SHEFFIELD,0,0,0,325,0,325,-100
19/03/2024 13:27,2023,2022,B,Other Reporting Airports,EAST MIDLANDS INTERNATIONAL,EDINBURGH,84,0,84,0,0,0,0
19/03/2024 13:27,2023,2022,B,Other Reporting Airports,EAST MIDLANDS INTERNATIONAL,EXETER,0,0,0,9,0,9,-100
19/03/2024 13:27,2023,2022,B,Other Reporting Airports,EAST MIDLANDS INTERNATIONAL,GLASGOW,40,0,40,71,0,71,-43.66197
19/03/2024 13:27,2023,2022,B,Other Reporting Airports,EAST MIDLANDS INTERNATIONAL,GUERNSEY,11218,11218,0,12624,12624,0,-11.13752
19/03/2024 13:27,2023,2022,B,Other Reporting Airports,EAST MIDLANDS INTERNATIONAL,HUMBERSIDE,537,537,0,142,0,142,278.16901
19/03/2024 13:27,2023,2022,B,Other Reporting Airports,EAST MIDLANDS INTERNATIONAL,JERSEY,26303,26303,0,26593,26593,0,-1.09051
19/03/2024 13:27,2023,2022,B,Other Reporting Airports,EAST MIDLANDS INTERNATIONAL,LEEDS BRADFORD,0,0,0,800,800,0,-100
19/03/2024 13:27,2023,2022,B,Other Reporting Airports,EAST MIDLANDS INTERNATIONAL,LIVERPOOL (JOHN LENNON),0,0,0,170,170,0,-100
19/03/2024 13:27,2023,2022,B,Other Reporting Airports,EAST MIDLANDS INTERNATIONAL,MANCHESTER,787,787,0,1039,759,280,-24.25409
19/03/2024 13:27,2023,2022,B,Other Reporting Airports,EAST MIDLANDS INTERNATIONAL,NEWCASTLE,98,0,98,902,348,554,-89.13525
19/03/2024 13:27,2023,2022,B,Other Reporting Airports,EAST MIDLANDS INTERNATIONAL,NEWQUAY,2828,2828,0,0,0,0,0
19/03/2024 13:27,2023,2022,B,Other Reporting Airports,EAST MIDLANDS INTERNATIONAL,SOUTHAMPTON,34,0,34,0,0,0,0
19/03/2024 13:27,2023,2022,B,Other Reporting Airports,EAST MIDLANDS INTERNATIONAL,STANSTED,530,530,0,17,17,0,3017.64706
19/03/2024 13:27,2023,2022,B,Other Reporting Airports,EDINBURGH,ABERDEEN,203,203,0,244,244,0,-16.80328
19/03/2024 13:27,2023,2022,B,Other Reporting Airports,EDINBURGH,BELFAST CITY (GEORGE BEST),117671,117516,155,84798,84798,0,38.76624
19/03/2024 13:27,2023,2022,B,Other Reporting Airports,EDINBURGH,BELFAST INTERNATIONAL,434261,434094,167,307256,307183,73,41.33524
19/03/2024 13:27,2023,2022,B,Other Reporting Airports,EDINBURGH,BIRMINGHAM,215703,215233,470,172423,172423,0,25.10106
19/03/2024 13:27,2023,2022,B,Other Reporting Airports,EDINBURGH,BOURNEMOUTH,48140,48140,0,0,0,0,0
19/03/2024 13:27,2023,2022,B,Other Reporting Airports,EDINBURGH,BRISTOL,422681,422681,0,296516,296516,0,42.54914
19/03/2024 13:27,2023,2022,B,Other Reporting Airports,EDINBURGH,CARDIFF WALES,20357,19884,473,20464,20078,386,-0.52287
19/03/2024 13:27,2023,2022,B,Other Reporting Airports,EDINBURGH,CITY OF DERRY (EGLINTON),245,79,166,6688,6688,0,-96.33672
19/03/2024 13:27,2023,2022,B,Other Reporting Airports,EDINBURGH,EAST MIDLANDS INTERNATIONAL,102,0,102,0,0,0,0
19/03/2024 13:27,2023,2022,B,Other Reporting Airports,EDINBURGH,EXETER,24003,24003,0,23933,23933,0,0.29248
19/03/2024 13:27,2023,2022,B,Other Reporting Airports,EDINBURGH,GATWICK,459475,459475,0,409571,409297,274,12.18446
19/03/2024 13:27,2023,2022,B,Other Reporting Airports,EDINBURGH,GLASGOW,1195,1195,0,176,176,0,578.97727
19/03/2024 13:27,2023,2022,B,Other Reporting Airports,EDINBURGH,GUERNSEY,877,877,0,2263,2263,0,-61.24613
19/03/2024 13:27,2023,2022,B,Other Reporting Airports,EDINBURGH,HEATHROW,1049428,1049334,94,732823,732706,117,43.20347
19/03/2024 13:27,2023,2022,B,Other Reporting Airports,EDINBURGH,HUMBERSIDE,0,0,0,13,13,0,-100
19/03/2024 13:27,2023,2022,B,Other Reporting Airports,EDINBURGH,INVERNESS,495,116,379,0,0,0,0
19/03/2024 13:27,2023,2022,B,Other Reporting Airports,EDINBURGH,ISLE OF MAN,11367,11367,0,9692,9692,0,17.28229
19/03/2024 13:27,2023,2022,B,Other Reporting Airports,EDINBURGH,JERSEY,17932,17932,0,1486,1486,0,1106.72948
19/03/2024 13:27,2023,2022,B,Other Reporting Airports,EDINBURGH,KIRKWALL,38745,38745,0,34480,34480,0,12.36949
19/03/2024 13:27,2023,2022,B,Other Reporting Airports,EDINBURGH,LEEDS BRADFORD,296,296,0,0,0,0,0
19/03/2024 13:27,2023,2022,B,Other Reporting Airports,EDINBURGH,LONDON CITY,342973,342934,39,304734,304734,0,12.54832
19/03/2024 13:27,2023,2022,B,Other Reporting Airports,EDINBURGH,LUTON,313533,313350,183,246462,246376,86,27.21353
19/03/2024 13:27,2023,2022,B,Other Reporting Airports,EDINBURGH,MANCHESTER,670,670,0,659,520,139,1.6692
19/03/2024 13:27,2023,2022,B,Other Reporting Airports,EDINBURGH,NEWCASTLE,498,498,0,145,145,0,243.44828
19/03/2024 13:27,2023,2022,B,Other Reporting Airports,EDINBURGH,NEWQUAY,20867,20867,0,12824,12824,0,62.71834
19/03/2024 13:27,2023,2022,B,Other Reporting Airports,EDINBURGH,NORWICH,0,0,0,1314,1219,95,-100
19/03/2024 13:27,2023,2022,B,Other Reporting Airports,EDINBURGH,PRESTWICK,162,162,0,0,0,0,0
19/03/2024 13:27,2023,2022,B,Other Reporting Airports,EDINBURGH,SOUTHAMPTON,89058,89058,0,81632,81466,166,9.09692
19/03/2024 13:27,2023,2022,B,Other Reporting Airports,EDINBURGH,STANSTED,600026,600026,0,266477,265885,592,125.1699
19/03/2024 13:27,2023,2022,B,Other Reporting Airports,EDINBURGH,STORNOWAY,18513,18513,0,16580,16580,0,11.65862
19/03/2024 13:27,2023,2022,B,Other Reporting Airports,EDINBURGH,SUMBURGH,37191,37031,160,38421,35454,2967,-3.20137
19/03/2024 13:27,2023,2022,B,Other Reporting Airports,EXETER,BELFAST CITY (GEORGE BEST),30857,30857,0,19817,19817,0,55.70974
19/03/2024 13:27,2023,2022,B,Other Reporting Airports,EXETER,BIGGIN HILL,83,0,83,0,0,0,0
19/03/2024 13:27,2023,2022,B,Other Reporting Airports,EXETER,BIRMINGHAM,32,32,0,0,0,0,0
19/03/2024 13:27,2023,2022,B,Other Reporting Airports,EXETER,BRISTOL,2169,2169,0,807,807,0,168.77323
19/03/2024 13:27,2023,2022,B,Other Reporting Airports,EXETER,CARDIFF WALES,43,43,0,0,0,0,0
19/03/2024 13:27,2023,2022,B,Other Reporting Airports,EXETER,EAST MIDLANDS INTERNATIONAL,31,31,0,8,8,0,287.5
19/03/2024 13:27,2023,2022,B,Other Reporting Airports,EXETER,EDINBURGH,23998,23998,0,23908,23908,0,0.37644
19/03/2024 13:27,2023,2022,B,Other Reporting Airports,EXETER,GLASGOW,12773,12773,0,12898,12808,90,-0.96914
19/03/2024 13:27,2023,2022,B,Other Reporting Airports,EXETER,GLOUCESTERSHIRE,0,0,0,20,20,0,-100
19/03/2024 13:27,2023,2022,B,Other Reporting Airports,EXETER,GUERNSEY,17012,17012,0,16374,16374,0,3.89642
19/03/2024 13:27,2023,2022,B,Other Reporting Airports,EXETER,HEATHROW,41,41,0,0,0,0,0
19/03/2024 13:27,2023,2022,B,Other Reporting Airports,EXETER,ISLES OF SCILLY (ST.MARYS),8063,8063,0,11821,11821,0,-31.79088
19/03/2024 13:27,2023,2022,B,Other Reporting Airports,EXETER,JERSEY,28204,28204,0,29507,29507,0,-4.4159
19/03/2024 13:27,2023,2022,B,Other Reporting Airports,EXETER,LANDS END (ST JUST),99,99,0,48,48,0,106.25
19/03/2024 13:27,2023,2022,B,Other Reporting Airports,EXETER,MANCHESTER,133,99,34,353,353,0,-62.32295
19/03/2024 13:27,2023,2022,B,Other Reporting Airports,EXETER,NEWCASTLE,13597,13553,44,15473,15473,0,-12.12435
19/03/2024 13:27,2023,2022,B,Other Reporting Airports,EXETER,NEWQUAY,12,12,0,0,0,0,0
19/03/2024 13:27,2023,2022,B,Other Reporting Airports,EXETER,NORWICH,108,36,72,4884,4884,0,-97.7887
19/03/2024 13:27,2023,2022,B,Other Reporting Airports,EXETER,SOUTHAMPTON,0,0,0,42,42,0,-100
19/03/2024 13:27,2023,2022,B,Other Reporting Airports,EXETER,STANSTED,0,0,0,40,0,40,-100
19/03/2024 13:27,2023,2022,B,Other Reporting Airports,EXETER,TEESSIDE INTERNATIONAL AIRPORT,85,85,0,0,0,0,0
19/03/2024 13:27,2023,2022,B,Other Reporting Airports,GLASGOW,ABERDEEN,201,186,15,91,91,0,120.87912
19/03/2024 13:27,2023,2022,B,Other Reporting Airports,GLASGOW,BARRA,12917,12917,0,13451,13451,0,-3.96997
19/03/2024 13:27,2023,2022,B,Other Reporting Airports,GLASGOW,BELFAST CITY (GEORGE BEST),104227,104227,0,64574,64574,0,61.40707
19/03/2024 13:27,2023,2022,B,Other Reporting Airports,GLASGOW,BELFAST INTERNATIONAL,309943,309943,0,300493,300493,0,3.14483
19/03/2024 13:27,2023,2022,B,Other Reporting Airports,GLASGOW,BENBECULA,26339,26339,0,24608,24608,0,7.0343
19/03/2024 13:27,2023,2022,B,Other Reporting Airports,GLASGOW,BIRMINGHAM,164220,164150,70,184031,184031,0,-10.76503
19/03/2024 13:27,2023,2022,B,Other Reporting Airports,GLASGOW,BRISTOL,296326,296281,45,290300,290300,0,2.07578
19/03/2024 13:27,2023,2022,B,Other Reporting Airports,GLASGOW,CAMPBELTOWN,7146,7146,0,5954,5954,0,20.02015
19/03/2024 13:27,2023,2022,B,Other Reporting Airports,GLASGOW,CARDIFF WALES,215,129,86,311,0,311,-30.86817
19/03/2024 13:27,2023,2022,B,Other Reporting Airports,GLASGOW,CITY OF DERRY (EGLINTON),15875,15554,321,15643,15643,0,1.48309
19/03/2024 13:27,2023,2022,B,Other Reporting Airports,GLASGOW,EAST MIDLANDS INTERNATIONAL,40,0,40,0,0,0,0
19/03/2024 13:27,2023,2022,B,Other Reporting Airports,GLASGOW,EDINBURGH,486,333,153,196,196,0,147.95918
19/03/2024 13:27,2023,2022,B,Other Reporting Airports,GLASGOW,EXETER,12849,12849,0,12861,12771,90,-0.09331
19/03/2024 13:27,2023,2022,B,Other Reporting Airports,GLASGOW,GATWICK,466319,466319,0,434066,433885,181,7.43044
19/03/2024 13:27,2023,2022,B,Other Reporting Airports,GLASGOW,GUERNSEY,0,0,0,154,154,0,-100
19/03/2024 13:27,2023,2022,B,Other Reporting Airports,GLASGOW,HEATHROW,859520,859520,0,694730,694478,252,23.72001
19/03/2024 13:27,2023,2022,B,Other Reporting Airports,GLASGOW,INVERNESS,144,144,0,0,0,0,0
19/03/2024 13:27,2023,2022,B,Other Reporting Airports,GLASGOW,ISLAY,28990,28990,0,25979,25979,0,11.59013
19/03/2024 13:27,2023,2022,B,Other Reporting Airports,GLASGOW,ISLE OF MAN,0,0,0,27,27,0,-100
19/03/2024 13:27,2023,2022,B,Other Reporting Airports,GLASGOW,JERSEY,51034,51034,0,49176,49176,0,3.77827
19/03/2024 13:27,2023,2022,B,Other Reporting Airports,GLASGOW,KIRKWALL,17534,17534,0,16257,16257,0,7.85508
19/03/2024 13:27,2023,2022,B,Other Reporting Airports,GLASGOW,LEEDS BRADFORD,329,329,0,0,0,0,0
19/03/2024 13:27,2023,2022,B,Other Reporting Airports,GLASGOW,LIVERPOOL (JOHN LENNON),0,0,0,114,0,114,-100
19/03/2024 13:27,2023,2022,B,Other Reporting Airports,GLASGOW,LONDON CITY,209062,209062,0,177016,177016,0,18.10345
19/03/2024 13:27,2023,2022,B,Other Reporting Airports,GLASGOW,LUTON,236550,236500,50,210063,209996,67,12.60907
19/03/2024 13:27,2023,2022,B,Other Reporting Airports,GLASGOW,MANCHESTER,28,28,0,124,124,0,-77.41935
19/03/2024 13:27,2023,2022,B,Other Reporting Airports,GLASGOW,NEWCASTLE,373,15,358,81,0,81,360.49383
19/03/2024 13:27,2023,2022,B,Other Reporting Airports,GLASGOW,NEWQUAY,5045,5045,0,5476,5476,0,-7.87071
19/03/2024 13:27,2023,2022,B,Other Reporting Airports,GLASGOW,NORWICH,72,20,52,0,0,0,0
19/03/2024 13:27,2023,2022,B,Other Reporting Airports,GLASGOW,SOUTHAMPTON,87044,87044,0,74832,74832,0,16.31922
19/03/2024 13:27,2023,2022,B,Other Reporting Airports,GLASGOW,STANSTED,228993,228804,189,215588,215140,448,6.21788
19/03/2024 13:27,2023,2022,B,Other Reporting Airports,GLASGOW,STORNOWAY,66894,66894,0,62233,62233,0,7.4896
19/03/2024 13:27,2023,2022,B,Other Reporting Airports,GLASGOW,SUMBURGH,20080,20080,0,21733,21733,0,-7.60594
19/03/2024 13:27,2023,2022,B,Other Reporting Airports,GLASGOW,TIREE,11319,11319,0,10796,10796,0,4.84439
19/03/2024 13:27,2023,2022,B,Other Reporting Airports,GUERNSEY,ABERDEEN,460,199,261,0,0,0,0
19/03/2024 13:27,2023,2022,B,Other Reporting Airports,GUERNSEY,ALDERNEY,32525,32525,0,33608,33608,0,-3.22245
19/03/2024 13:27,2023,2022,B,Other Reporting Airports,GUERNSEY,BELFAST CITY (GEORGE BEST),0,0,0,950,950,0,-100
19/03/2024 13:27,2023,2022,B,Other Reporting Airports,GUERNSEY,BIRMINGHAM,32386,32386,0,29167,29116,51,11.03645
19/03/2024 13:27,2023,2022,B,Other Reporting Airports,GUERNSEY,BRISTOL,26285,26285,0,24098,24002,96,9.07544
19/03/2024 13:27,2023,2022,B,Other Reporting Airports,GUERNSEY,COMPTON ABASS,4,4,0,0,0,0,0
19/03/2024 13:27,2023,2022,B,Other Reporting Airports,GUERNSEY,EAST MIDLANDS INTERNATIONAL,11324,11324,0,12641,12641,0,-10.41848
19/03/2024 13:27,2023,2022,B,Other Reporting Airports,GUERNSEY,EDINBURGH,859,859,0,2261,2261,0,-62.00796
19/03/2024 13:27,2023,2022,B,Other Reporting Airports,GUERNSEY,EXETER,16110,16110,0,16077,16076,1,0.20526
19/03/2024 13:27,2023,2022,B,Other Reporting Airports,GUERNSEY,GATWICK,307327,307325,2,281180,281180,0,9.29903
19/03/2024 13:27,2023,2022,B,Other Reporting Airports,GUERNSEY,GLASGOW,6,0,6,154,154,0,-96.1039
19/03/2024 13:27,2023,2022,B,Other Reporting Airports,GUERNSEY,ISLE OF MAN,478,347,131,278,278,0,71.94245
19/03/2024 13:27,2023,2022,B,Other Reporting Airports,GUERNSEY,JERSEY,76798,76472,326,71654,71494,160,7.17894
19/03/2024 13:27,2023,2022,B,Other Reporting Airports,GUERNSEY,LEEDS BRADFORD,4104,4104,0,3785,3785,0,8.42801
19/03/2024 13:27,2023,2022,B,Other Reporting Airports,GUERNSEY,LONDON CITY,0,0,0,2531,2531,0,-100
19/03/2024 13:27,2023,2022,B,Other Reporting Airports,GUERNSEY,MANCHESTER,63827,63827,0,58753,58753,0,8.63615
19/03/2024 13:27,2023,2022,B,Other Reporting Airports,GUERNSEY,SOUTHAMPTON,97466,97421,45,96815,96815,0,0.67242
19/03/2024 13:27,2023,2022,B,Other Reporting Airports,GUERNSEY,STORNOWAY,202,0,202,0,0,0,0
19/03/2024 13:27,2023,2022,B,Other Reporting Airports,HUMBERSIDE,ABERDEEN,11275,11275,0,10272,10272,0,9.76441
19/03/2024 13:27,2023,2022,B,Other Reporting Airports,HUMBERSIDE,BIGGIN HILL,41,0,41,71,0,71,-42.25352
19/03/2024 13:27,2023,2022,B,Other Reporting Airports,HUMBERSIDE,BOURNEMOUTH,0,0,0,65,0,65,-100
19/03/2024 13:27,2023,2022,B,Other Reporting Airports,HUMBERSIDE,BRISTOL,140,0,140,33,0,33,324.24242
19/03/2024 13:27,2023,2022,B,Other Reporting Airports,HUMBERSIDE,CARDIFF WALES,107,0,107,109,0,109,-1.83486
19/03/2024 13:27,2023,2022,B,Other Reporting Airports,HUMBERSIDE,DONCASTER SHEFFIELD,0,0,0,526,0,526,-100
19/03/2024 13:27,2023,2022,B,Other Reporting Airports,HUMBERSIDE,EAST MIDLANDS INTERNATIONAL,344,344,0,104,0,104,230.76923
19/03/2024 13:27,2023,2022,B,Other Reporting Airports,HUMBERSIDE,FARNBOROUGH,100,0,100,0,0,0,0
19/03/2024 13:27,2023,2022,B,Other Reporting Airports,HUMBERSIDE,GUERNSEY,100,0,100,0,0,0,0
19/03/2024 13:27,2023,2022,B,Other Reporting Airports,HUMBERSIDE,JERSEY,1989,0,1989,2081,2081,0,-4.42095
19/03/2024 13:27,2023,2022,B,Other Reporting Airports,HUMBERSIDE,LEEDS BRADFORD,79,79,0,0,0,0,0
19/03/2024 13:27,2023,2022,B,Other Reporting Airports,HUMBERSIDE,NEWCASTLE,37,37,0,438,438,0,-91.55251
19/03/2024 13:27,2023,2022,B,Other Reporting Airports,HUMBERSIDE,NEWQUAY,1332,1332,0,2187,2187,0,-39.09465
19/03/2024 13:27,2023,2022,B,Other Reporting Airports,HUMBERSIDE,NORWICH,138,25,113,44,0,44,213.63636
19/03/2024 13:27,2023,2022,B,Other Reporting Airports,HUMBERSIDE,STANSTED,33,0,33,0,0,0,0
19/03/2024 13:27,2023,2022,B,Other Reporting Airports,HUMBERSIDE,TEESSIDE INTERNATIONAL AIRPORT,10,0,10,76,0,76,-86.84211
19/03/2024 13:27,2023,2022,B,Other Reporting Airports,HUMBERSIDE,WARTON,20,0,20,0,0,0,0
19/03/2024 13:27,2023,2022,B,Other Reporting Airports,INVERNESS,ABERDEEN,0,0,0,67,67,0,-100
19/03/2024 13:27,2023,2022,B,Other Reporting Airports,INVERNESS,BELFAST CITY (GEORGE BEST),18243,18243,0,19604,19604,0,-6.94246
19/03/2024 13:27,2023,2022,B,Other Reporting Airports,INVERNESS,BENBECULA,4987,4987,0,5851,5851,0,-14.76671
19/03/2024 13:27,2023,2022,B,Other Reporting Airports,INVERNESS,BIRMINGHAM,18206,18206,0,19204,19204,0,-5.19683
19/03/2024 13:27,2023,2022,B,Other Reporting Airports,INVERNESS,BRISTOL,83629,83629,0,68920,68920,0,21.34214
19/03/2024 13:27,2023,2022,B,Other Reporting Airports,INVERNESS,EDINBURGH,52,14,38,0,0,0,0
19/03/2024 13:27,2023,2022,B,Other Reporting Airports,INVERNESS,FARNBOROUGH,0,0,0,85,0,85,-100
19/03/2024 13:27,2023,2022,B,Other Reporting Airports,INVERNESS,GATWICK,222505,222505,0,216298,216298,0,2.86965
19/03/2024 13:27,2023,2022,B,Other Reporting Airports,INVERNESS,GLASGOW,159,159,0,198,198,0,-19.69697
19/03/2024 13:27,2023,2022,B,Other Reporting Airports,INVERNESS,HEATHROW,158717,158717,0,131786,131786,0,20.4354
19/03/2024 13:27,2023,2022,B,Other Reporting Airports,INVERNESS,KIRKWALL,1299,1299,0,1852,1852,0,-29.85961
19/03/2024 13:27,2023,2022,B,Other Reporting Airports,INVERNESS,LUTON,149898,149898,0,116251,116009,242,28.94341
19/03/2024 13:27,2023,2022,B,Other Reporting Airports,INVERNESS,MANCHESTER,27048,27048,0,35445,35445,0,-23.69022
19/03/2024 13:27,2023,2022,B,Other Reporting Airports,INVERNESS,NEWQUAY,0,0,0,177,177,0,-100
19/03/2024 13:27,2023,2022,B,Other Reporting Airports,INVERNESS,NORWICH,0,0,0,2,2,0,-100
19/03/2024 13:27,2023,2022,B,Other Reporting Airports,INVERNESS,STANSTED,132,0,132,0,0,0,0
19/03/2024 13:27,2023,2022,B,Other Reporting Airports,INVERNESS,STORNOWAY,12180,12180,0,13234,13222,12,-7.96433
19/03/2024 13:27,2023,2022,B,Other Reporting Airports,INVERNESS,SUMBURGH,12538,12213,325,12819,12779,40,-2.19206
19/03/2024 13:27,2023,2022,B,Other Reporting Airports,ISLAY,CAMPBELTOWN,0,0,0,123,123,0,-100
19/03/2024 13:27,2023,2022,B,Other Reporting Airports,ISLAY,COLONSAY,111,111,0,116,116,0,-4.31034
19/03/2024 13:27,2023,2022,B,Other Reporting Airports,ISLAY,GLASGOW,28761,28761,0,25849,25849,0,11.26543
19/03/2024 13:27,2023,2022,B,Other Reporting Airports,ISLAY,OBAN (NORTH CONNEL),54,54,0,44,44,0,22.72727
19/03/2024 13:27,2023,2022,B,Other Reporting Airports,ISLAY,TIREE,0,0,0,16,16,0,-100
19/03/2024 13:27,2023,2022,B,Other Reporting Airports,ISLE OF MAN,BELFAST CITY (GEORGE BEST),9095,9095,0,0,0,0,0
19/03/2024 13:27,2023,2022,B,Other Reporting Airports,ISLE OF MAN,BELFAST INTERNATIONAL,19971,19971,0,22016,22016,0,-9.2887
19/03/2024 13:27,2023,2022,B,Other Reporting Airports,ISLE OF MAN,BIRMINGHAM,20141,20141,0,22291,22291,0,-9.64515
19/03/2024 13:27,2023,2022,B,Other Reporting Airports,ISLE OF MAN,BRISTOL,27072,27072,0,30799,30799,0,-12.10104
19/03/2024 13:27,2023,2022,B,Other Reporting Airports,ISLE OF MAN,EDINBURGH,11220,11220,0,9762,9723,39,14.93546
19/03/2024 13:27,2023,2022,B,Other Reporting Airports,ISLE OF MAN,FARNBOROUGH,0,0,0,5,0,5,-100
19/03/2024 13:27,2023,2022,B,Other Reporting Airports,ISLE OF MAN,GATWICK,159823,159823,0,149998,149847,151,6.55009
19/03/2024 13:27,2023,2022,B,Other Reporting Airports,ISLE OF MAN,GUERNSEY,1013,541,472,281,281,0,260.49822
19/03/2024 13:27,2023,2022,B,Other Reporting Airports,ISLE OF MAN,HEATHROW,33170,33170,0,20785,20785,0,59.58624
19/03/2024 13:27,2023,2022,B,Other Reporting Airports,ISLE OF MAN,LIVERPOOL (JOHN LENNON),171818,171818,0,154364,154364,0,11.30704
19/03/2024 13:27,2023,2022,B,Other Reporting Airports,ISLE OF MAN,LONDON CITY,18313,18313,0,16602,16602,0,10.30599
19/03/2024 13:27,2023,2022,B,Other Reporting Airports,ISLE OF MAN,LUTON,0,0,0,43,0,43,-100
19/03/2024 13:27,2023,2022,B,Other Reporting Airports,ISLE OF MAN,MANCHESTER,119845,119845,0,96143,96143,0,24.65286
19/03/2024 13:27,2023,2022,B,Other Reporting Airports,ISLE OF MAN,NEWCASTLE,0,0,0,178,0,178,-100
19/03/2024 13:27,2023,2022,B,Other Reporting Airports,ISLE OF MAN,TEESSIDE INTERNATIONAL AIRPORT,184,0,184,0,0,0,0
19/03/2024 13:27,2023,2022,B,Other Reporting Airports,JERSEY,ALDERNEY,49,49,0,31,31,0,58.06452
19/03/2024 13:27,2023,2022,B,Other Reporting Airports,JERSEY,BELFAST CITY (GEORGE BEST),1434,1434,0,2148,1951,197,-33.24022
19/03/2024 13:27,2023,2022,B,Other Reporting Airports,JERSEY,BELFAST INTERNATIONAL,18174,18174,0,19568,19568,0,-7.12388
19/03/2024 13:27,2023,2022,B,Other Reporting Airports,JERSEY,BIRMINGHAM,33338,33338,0,40554,40554,0,-17.79356
19/03/2024 13:27,2023,2022,B,Other Reporting Airports,JERSEY,BRISTOL,35732,35732,0,36555,36555,0,-2.2514
19/03/2024 13:27,2023,2022,B,Other Reporting Airports,JERSEY,CARDIFF WALES,0,0,0,35,0,35,-100
19/03/2024 13:27,2023,2022,B,Other Reporting Airports,JERSEY,EAST MIDLANDS INTERNATIONAL,26945,26945,0,27015,26786,229,-0.25912
19/03/2024 13:27,2023,2022,B,Other Reporting Airports,JERSEY,EDINBURGH,17925,17925,0,1485,1485,0,1107.07071
19/03/2024 13:27,2023,2022,B,Other Reporting Airports,JERSEY,EXETER,28418,28418,0,29474,29474,0,-3.58282
19/03/2024 13:27,2023,2022,B,Other Reporting Airports,JERSEY,FARNBOROUGH,0,0,0,50,0,50,-100
19/03/2024 13:27,2023,2022,B,Other Reporting Airports,JERSEY,GATWICK,342540,342540,0,297087,297087,0,15.29956
19/03/2024 13:27,2023,2022,B,Other Reporting Airports,JERSEY,GLASGOW,51018,51018,0,49825,49825,0,2.39438
19/03/2024 13:27,2023,2022,B,Other Reporting Airports,JERSEY,GUERNSEY,77257,76537,720,72492,70107,2385,6.57314
19/03/2024 13:27,2023,2022,B,Other Reporting Airports,JERSEY,HEATHROW,335638,335638,0,316832,316693,139,5.93564
19/03/2024 13:27,2023,2022,B,Other Reporting Airports,JERSEY,HUMBERSIDE,1971,1971,0,2162,2162,0,-8.83441
19/03/2024 13:27,2023,2022,B,Other Reporting Airports,JERSEY,ISLE OF MAN,500,500,0,0,0,0,0
19/03/2024 13:27,2023,2022,B,Other Reporting Airports,JERSEY,LEEDS BRADFORD,13248,13248,0,14123,14123,0,-6.19557
19/03/2024 13:27,2023,2022,B,Other Reporting Airports,JERSEY,LIVERPOOL (JOHN LENNON),118671,118671,0,101802,101802,0,16.5704
19/03/2024 13:27,2023,2022,B,Other Reporting Airports,JERSEY,LONDON CITY,3179,3179,0,4031,4031,0,-21.13619
19/03/2024 13:27,2023,2022,B,Other Reporting Airports,JERSEY,LUTON,101331,101331,0,77464,77464,0,30.81044
19/03/2024 13:27,2023,2022,B,Other Reporting Airports,JERSEY,MANCHESTER,87909,87909,0,80917,80917,0,8.64095
19/03/2024 13:27,2023,2022,B,Other Reporting Airports,JERSEY,NEWCASTLE,5501,5436,65,6112,6112,0,-9.99673
19/03/2024 13:27,2023,2022,B,Other Reporting Airports,JERSEY,NORWICH,3939,3939,0,4286,4286,0,-8.09613
19/03/2024 13:27,2023,2022,B,Other Reporting Airports,JERSEY,SOUTHAMPTON,99895,99895,0,99706,99706,0,0.18956
19/03/2024 13:27,2023,2022,B,Other Reporting Airports,JERSEY,STANSTED,3654,3654,0,5975,5925,50,-38.84519
19/03/2024 13:27,2023,2022,B,Other Reporting Airports,JERSEY,TEESSIDE INTERNATIONAL AIRPORT,2350,2350,0,2375,2375,0,-1.05263
19/03/2024 13:27,2023,2022,B,Other Reporting Airports,KIRKWALL,ABERDEEN,42821,42821,0,40953,40953,0,4.56133
19/03/2024 13:27,2023,2022,B,Other Reporting Airports,KIRKWALL,DUNDEE,209,209,0,0,0,0,0
19/03/2024 13:27,2023,2022,B,Other Reporting Airports,KIRKWALL,EDAY,523,523,0,302,302,0,73.17881
19/03/2024 13:27,2023,2022,B,Other Reporting Airports,KIRKWALL,EDINBURGH,38277,38277,0,33119,33119,0,15.57414
19/03/2024 13:27,2023,2022,B,Other Reporting Airports,KIRKWALL,GLASGOW,17340,17340,0,15813,15813,0,9.65661
19/03/2024 13:27,2023,2022,B,Other Reporting Airports,KIRKWALL,HEATHROW,2600,2600,0,0,0,0,0
19/03/2024 13:27,2023,2022,B,Other Reporting Airports,KIRKWALL,INVERNESS,5251,5251,0,5772,5772,0,-9.02633
19/03/2024 13:27,2023,2022,B,Other Reporting Airports,KIRKWALL,LONDON CITY,231,231,0,0,0,0,0
19/03/2024 13:27,2023,2022,B,Other Reporting Airports,KIRKWALL,NORTH RONALDSAY,5903,5903,0,5531,5531,0,6.72573
19/03/2024 13:27,2023,2022,B,Other Reporting Airports,KIRKWALL,PAPA WESTRAY,4691,4691,0,4595,4595,0,2.08923
19/03/2024 13:27,2023,2022,B,Other Reporting Airports,KIRKWALL,SANDAY,3211,3211,0,3002,3002,0,6.96203
19/03/2024 13:27,2023,2022,B,Other Reporting Airports,KIRKWALL,STRONSAY,3033,3033,0,2995,2995,0,1.26878
19/03/2024 13:27,2023,2022,B,Other Reporting Airports,KIRKWALL,SUMBURGH,6171,6171,0,7727,7727,0,-20.13718
19/03/2024 13:27,2023,2022,B,Other Reporting Airports,KIRKWALL,WESTRAY,3368,3368,0,3216,3216,0,4.72637
19/03/2024 13:27,2023,2022,B,Other Reporting Airports,LEEDS BRADFORD,BELFAST CITY (GEORGE BEST),113169,113169,0,94731,94731,0,19.46353
19/03/2024 13:27,2023,2022,B,Other Reporting Airports,LEEDS BRADFORD,BELFAST INTERNATIONAL,41080,41080,0,30053,30053,0,36.69184
19/03/2024 13:27,2023,2022,B,Other Reporting Airports,LEEDS BRADFORD,BIRMINGHAM,0,0,0,104,104,0,-100
19/03/2024 13:27,2023,2022,B,Other Reporting Airports,LEEDS BRADFORD,BOURNEMOUTH,191,0,191,0,0,0,0
19/03/2024 13:27,2023,2022,B,Other Reporting Airports,LEEDS BRADFORD,CARDIFF WALES,101,0,101,67,0,67,50.74627
19/03/2024 13:27,2023,2022,B,Other Reporting Airports,LEEDS BRADFORD,EDINBURGH,52,0,52,76,0,76,-31.57895
19/03/2024 13:27,2023,2022,B,Other Reporting Airports,LEEDS BRADFORD,GUERNSEY,4082,4082,0,3733,3733,0,9.34905
19/03/2024 13:27,2023,2022,B,Other Reporting Airports,LEEDS BRADFORD,HEATHROW,0,0,0,6001,6001,0,-100
19/03/2024 13:27,2023,2022,B,Other Reporting Airports,LEEDS BRADFORD,JERSEY,11922,11922,0,14048,14048,0,-15.13383
19/03/2024 13:27,2023,2022,B,Other Reporting Airports,LEEDS BRADFORD,LUTON,42,0,42,0,0,0,0
19/03/2024 13:27,2023,2022,B,Other Reporting Airports,LEEDS BRADFORD,NEWCASTLE,0,0,0,187,187,0,-100
19/03/2024 13:27,2023,2022,B,Other Reporting Airports,LEEDS BRADFORD,NEWQUAY,0,0,0,150,150,0,-100
19/03/2024 13:27,2023,2022,B,Other Reporting Airports,LEEDS BRADFORD,NORWICH,68,0,68,0,0,0,0
19/03/2024 13:27,2023,2022,B,Other Reporting Airports,LEEDS BRADFORD,SOUTHAMPTON,0,0,0,704,670,34,-100
19/03/2024 13:27,2023,2022,B,Other Reporting Airports,LEEDS BRADFORD,STANSTED,47,0,47,0,0,0,0
19/03/2024 13:27,2023,2022,B,Other Reporting Airports,LERWICK (TINGWALL),FAIR ISLE,1910,1910,0,1891,1891,0,1.00476
19/03/2024 13:27,2023,2022,B,Other Reporting Airports,LERWICK (TINGWALL),FOULA,1003,1003,0,991,991,0,1.2109
19/03/2024 13:27,2023,2022,B,Other Reporting Airports,LERWICK (TINGWALL),SUMBURGH,0,0,0,4,4,0,-100
19/03/2024 13:27,2023,2022,B,Other Reporting Airports,LIVERPOOL (JOHN LENNON),ABERDEEN,178,178,0,0,0,0,0
19/03/2024 13:27,2023,2022,B,Other Reporting Airports,LIVERPOOL (JOHN LENNON),BELFAST CITY (GEORGE BEST),116223,116223,0,42197,42197,0,175.42953
19/03/2024 13:27,2023,2022,B,Other Reporting Airports,LIVERPOOL (JOHN LENNON),BELFAST INTERNATIONAL,395118,395118,0,412179,412179,0,-4.13922
19/03/2024 13:27,2023,2022,B,Other Reporting Airports,LIVERPOOL (JOHN LENNON),BIGGIN HILL,249,0,249,221,0,221,12.66968
19/03/2024 13:27,2023,2022,B,Other Reporting Airports,LIVERPOOL (JOHN LENNON),BIRMINGHAM,325,325,0,40,0,40,712.5
19/03/2024 13:27,2023,2022,B,Other Reporting Airports,LIVERPOOL (JOHN LENNON),BOURNEMOUTH,352,0,352,355,0,355,-0.84507
19/03/2024 13:27,2023,2022,B,Other Reporting Airports,LIVERPOOL (JOHN LENNON),BRISTOL,78,0,78,143,143,0,-45.45455
19/03/2024 13:27,2023,2022,B,Other Reporting Airports,LIVERPOOL (JOHN LENNON),CARDIFF WALES,0,0,0,269,0,269,-100
19/03/2024 13:27,2023,2022,B,Other Reporting Airports,LIVERPOOL (JOHN LENNON),CITY OF DERRY (EGLINTON),10546,10546,0,22815,22815,0,-53.77602
19/03/2024 13:27,2023,2022,B,Other Reporting Airports,LIVERPOOL (JOHN LENNON),DONCASTER SHEFFIELD,0,0,0,189,189,0,-100
19/03/2024 13:27,2023,2022,B,Other Reporting Airports,LIVERPOOL (JOHN LENNON),EAST MIDLANDS INTERNATIONAL,0,0,0,335,170,165,-100
19/03/2024 13:27,2023,2022,B,Other Reporting Airports,LIVERPOOL (JOHN LENNON),EDINBURGH,169,138,31,0,0,0,0
19/03/2024 13:27,2023,2022,B,Other Reporting Airports,LIVERPOOL (JOHN LENNON),FARNBOROUGH,318,0,318,191,29,162,66.49215
19/03/2024 13:27,2023,2022,B,Other Reporting Airports,LIVERPOOL (JOHN LENNON),GATWICK,1501,669,832,343,0,343,337.60933
19/03/2024 13:27,2023,2022,B,Other Reporting Airports,LIVERPOOL (JOHN LENNON),GLASGOW,0,0,0,261,0,261,-100
19/03/2024 13:27,2023,2022,B,Other Reporting Airports,LIVERPOOL (JOHN LENNON),HEATHROW,0,0,0,217,170,47,-100
19/03/2024 13:27,2023,2022,B,Other Reporting Airports,LIVERPOOL (JOHN LENNON),ISLE OF MAN,171824,171824,0,154439,154439,0,11.25687
19/03/2024 13:27,2023,2022,B,Other Reporting Airports,LIVERPOOL (JOHN LENNON),JERSEY,118378,118378,0,99937,99937,0,18.45263
19/03/2024 13:27,2023,2022,B,Other Reporting Airports,LIVERPOOL (JOHN LENNON),LEEDS BRADFORD,34,34,0,175,175,0,-80.57143
19/03/2024 13:27,2023,2022,B,Other Reporting Airports,LIVERPOOL (JOHN LENNON),LONDON CITY,0,0,0,152,67,85,-100
19/03/2024 13:27,2023,2022,B,Other Reporting Airports,LIVERPOOL (JOHN LENNON),LUTON,1027,151,876,1632,118,1514,-37.07108
19/03/2024 13:27,2023,2022,B,Other Reporting Airports,LIVERPOOL (JOHN LENNON),MANCHESTER,552,552,0,177,177,0,211.86441
19/03/2024 13:27,2023,2022,B,Other Reporting Airports,LIVERPOOL (JOHN LENNON),NEWCASTLE,379,0,379,539,176,363,-29.6846
19/03/2024 13:27,2023,2022,B,Other Reporting Airports,LIVERPOOL (JOHN LENNON),NORWICH,246,0,246,195,0,195,26.15385
19/03/2024 13:27,2023,2022,B,Other Reporting Airports,LIVERPOOL (JOHN LENNON),PRESTWICK,54,0,54,123,123,0,-56.09756
19/03/2024 13:27,2023,2022,B,Other Reporting Airports,LIVERPOOL (JOHN LENNON),SOUTHAMPTON,250,66,184,198,0,198,26.26263
19/03/2024 13:27,2023,2022,B,Other Reporting Airports,LIVERPOOL (JOHN LENNON),SOUTHEND,45,0,45,0,0,0,0
19/03/2024 13:27,2023,2022,B,Other Reporting Airports,LIVERPOOL (JOHN LENNON),STANSTED,689,0,689,717,0,717,-3.90516
19/03/2024 13:27,2023,2022,B,Other Reporting Airports,MANCHESTER,ABERDEEN,70625,70584,41,86163,86163,0,-18.03326
19/03/2024 13:27,2023,2022,B,Other Reporting Airports,MANCHESTER,BELFAST CITY (GEORGE BEST),171634,171634,0,110956,110956,0,54.68654
19/03/2024 13:27,2023,2022,B,Other Reporting Airports,MANCHESTER,BELFAST INTERNATIONAL,502380,502380,0,363590,363590,0,38.17212
19/03/2024 13:27,2023,2022,B,Other Reporting Airports,MANCHESTER,BIGGIN HILL,28,0,28,0,0,0,0
19/03/2024 13:27,2023,2022,B,Other Reporting Airports,MANCHESTER,BIRMINGHAM,580,580,0,0,0,0,0
19/03/2024 13:27,2023,2022,B,Other Reporting Airports,MANCHESTER,BOURNEMOUTH,90,90,0,0,0,0,0
19/03/2024 13:27,2023,2022,B,Other Reporting Airports,MANCHESTER,BRISTOL,45,45,0,0,0,0,0
19/03/2024 13:27,2023,2022,B,Other Reporting Airports,MANCHESTER,BRIZE NORTON,0,0,0,45,0,45,-100
19/03/2024 13:27,2023,2022,B,Other Reporting Airports,MANCHESTER,CAMBRIDGE,462,462,0,668,668,0,-30.83832
19/03/2024 13:27,2023,2022,B,Other Reporting Airports,MANCHESTER,CARDIFF WALES,31,0,31,0,0,0,0
19/03/2024 13:27,2023,2022,B,Other Reporting Airports,MANCHESTER,CITY OF DERRY (EGLINTON),56352,56352,0,54135,54135,0,4.09532
19/03/2024 13:27,2023,2022,B,Other Reporting Airports,MANCHESTER,EAST MIDLANDS INTERNATIONAL,277,277,0,182,182,0,52.1978
19/03/2024 13:27,2023,2022,B,Other Reporting Airports,MANCHESTER,EDINBURGH,993,960,33,534,206,328,85.95506
19/03/2024 13:27,2023,2022,B,Other Reporting Airports,MANCHESTER,EXETER,0,0,0,306,306,0,-100
19/03/2024 13:27,2023,2022,B,Other Reporting Airports,MANCHESTER,GATWICK,136,98,38,17468,17291,177,-99.22143
19/03/2024 13:27,2023,2022,B,Other Reporting Airports,MANCHESTER,GLASGOW,42,42,0,170,170,0,-75.29412
19/03/2024 13:27,2023,2022,B,Other Reporting Airports,MANCHESTER,GUERNSEY,63274,63274,0,58597,58597,0,7.98164
19/03/2024 13:27,2023,2022,B,Other Reporting Airports,MANCHESTER,HEATHROW,573029,573029,0,408090,408090,0,40.41731
19/03/2024 13:27,2023,2022,B,Other Reporting Airports,MANCHESTER,INVERNESS,22076,22076,0,35326,35326,0,-37.50778
19/03/2024 13:27,2023,2022,B,Other Reporting Airports,MANCHESTER,ISLE OF MAN,119353,119353,0,95786,95786,0,24.6038
19/03/2024 13:27,2023,2022,B,Other Reporting Airports,MANCHESTER,JERSEY,87991,87991,0,80736,80736,0,8.98608
19/03/2024 13:27,2023,2022,B,Other Reporting Airports,MANCHESTER,LEEDS BRADFORD,479,479,0,0,0,0,0
19/03/2024 13:27,2023,2022,B,Other Reporting Airports,MANCHESTER,LIVERPOOL (JOHN LENNON),248,248,0,164,164,0,51.21951
19/03/2024 13:27,2023,2022,B,Other Reporting Airports,MANCHESTER,LONDON CITY,46,0,46,1005,1005,0,-95.42289
19/03/2024 13:27,2023,2022,B,Other Reporting Airports,MANCHESTER,LUTON,334,0,334,83,0,83,302.40964
19/03/2024 13:27,2023,2022,B,Other Reporting Airports,MANCHESTER,NEWCASTLE,178,0,178,235,235,0,-24.25532
19/03/2024 13:27,2023,2022,B,Other Reporting Airports,MANCHESTER,NEWQUAY,75091,75091,0,60391,60391,0,24.34138
19/03/2024 13:27,2023,2022,B,Other Reporting Airports,MANCHESTER,NORWICH,0,0,0,179,0,179,-100
19/03/2024 13:27,2023,2022,B,Other Reporting Airports,MANCHESTER,SOUTHAMPTON,5515,5418,97,10871,10780,91,-49.2687
19/03/2024 13:27,2023,2022,B,Other Reporting Airports,MANCHESTER,SOUTHEND,45,0,45,0,0,0,0
19/03/2024 13:27,2023,2022,B,Other Reporting Airports,MANCHESTER,STANSTED,494,51,443,466,152,314,6.00858
19/03/2024 13:27,2023,2022,B,Other Reporting Airports,MANCHESTER,STORNOWAY,4851,4851,0,0,0,0,0
19/03/2024 13:27,2023,2022,B,Other Reporting Airports,MANCHESTER,SUMBURGH,11361,11361,0,8457,8457,0,34.33842
19/03/2024 13:27,2023,2022,B,Other Reporting Airports,NEWCASTLE,ABERDEEN,20786,20786,0,8002,8002,0,159.76006
19/03/2024 13:27,2023,2022,B,Other Reporting Airports,NEWCASTLE,BELFAST CITY (GEORGE BEST),24802,24802,0,2444,2444,0,914.81178
19/03/2024 13:27,2023,2022,B,Other Reporting Airports,NEWCASTLE,BELFAST INTERNATIONAL,204379,204379,0,193824,193824,0,5.44566
19/03/2024 13:27,2023,2022,B,Other Reporting Airports,NEWCASTLE,BIRMINGHAM,0,0,0,122,0,122,-100
19/03/2024 13:27,2023,2022,B,Other Reporting Airports,NEWCASTLE,BRISTOL,142391,142391,0,124225,124143,82,14.62347
19/03/2024 13:27,2023,2022,B,Other Reporting Airports,NEWCASTLE,EAST MIDLANDS INTERNATIONAL,86,0,86,100,0,100,-14
19/03/2024 13:27,2023,2022,B,Other Reporting Airports,NEWCASTLE,EXETER,13453,13453,0,15364,15364,0,-12.43817
19/03/2024 13:27,2023,2022,B,Other Reporting Airports,NEWCASTLE,GATWICK,0,0,0,80,0,80,-100
19/03/2024 13:27,2023,2022,B,Other Reporting Airports,NEWCASTLE,HEATHROW,435542,435542,0,326471,326471,0,33.40909
19/03/2024 13:27,2023,2022,B,Other Reporting Airports,NEWCASTLE,JERSEY,5421,5421,0,6129,6129,0,-11.55164
19/03/2024 13:27,2023,2022,B,Other Reporting Airports,NEWCASTLE,LEEDS BRADFORD,0,0,0,68,68,0,-100
19/03/2024 13:27,2023,2022,B,Other Reporting Airports,NEWCASTLE,LIVERPOOL (JOHN LENNON),45,0,45,180,0,180,-75
19/03/2024 13:27,2023,2022,B,Other Reporting Airports,NEWCASTLE,MANCHESTER,0,0,0,45,0,45,-100
19/03/2024 13:27,2023,2022,B,Other Reporting Airports,NEWCASTLE,NEWQUAY,3968,3968,0,5884,5884,0,-32.56288
19/03/2024 13:27,2023,2022,B,Other Reporting Airports,NEWCASTLE,NORWICH,0,0,0,70,0,70,-100
19/03/2024 13:27,2023,2022,B,Other Reporting Airports,NEWCASTLE,SOUTHAMPTON,46908,46808,100,39122,39122,0,19.90185
19/03/2024 13:27,2023,2022,B,Other Reporting Airports,NEWCASTLE,STANSTED,133,0,133,122,0,122,9.01639
19/03/2024 13:27,2023,2022,B,Other Reporting Airports,NEWQUAY,ABERDEEN,3711,3711,0,2653,2653,0,39.87938
19/03/2024 13:27,2023,2022,B,Other Reporting Airports,NEWQUAY,BELFAST CITY (GEORGE BEST),14105,14105,0,41,41,0,34302.43902
19/03/2024 13:27,2023,2022,B,Other Reporting Airports,NEWQUAY,BRISTOL,156,156,0,0,0,0,0
19/03/2024 13:27,2023,2022,B,Other Reporting Airports,NEWQUAY,CARDIFF WALES,4,4,0,0,0,0,0
19/03/2024 13:27,2023,2022,B,Other Reporting Airports,NEWQUAY,EAST MIDLANDS INTERNATIONAL,2419,2419,0,0,0,0,0
19/03/2024 13:27,2023,2022,B,Other Reporting Airports,NEWQUAY,EDINBURGH,20815,20815,0,12879,12879,0,61.61969
19/03/2024 13:27,2023,2022,B,Other Reporting Airports,NEWQUAY,EXETER,5,5,0,0,0,0,0
19/03/2024 13:27,2023,2022,B,Other Reporting Airports,NEWQUAY,GATWICK,84025,84025,0,64791,64791,0,29.68622
19/03/2024 13:27,2023,2022,B,Other Reporting Airports,NEWQUAY,GLASGOW,5073,5073,0,5523,5523,0,-8.14775
19/03/2024 13:27,2023,2022,B,Other Reporting Airports,NEWQUAY,HEATHROW,2668,2668,0,11701,11701,0,-77.19853
19/03/2024 13:27,2023,2022,B,Other Reporting Airports,NEWQUAY,HUMBERSIDE,1753,1753,0,2203,2203,0,-20.42669
19/03/2024 13:27,2023,2022,B,Other Reporting Airports,NEWQUAY,INVERNESS,76,76,0,229,229,0,-66.81223
19/03/2024 13:27,2023,2022,B,Other Reporting Airports,NEWQUAY,ISLE OF MAN,1716,1716,0,0,0,0,0
19/03/2024 13:27,2023,2022,B,Other Reporting Airports,NEWQUAY,ISLES OF SCILLY (ST.MARYS),1530,1530,0,2104,2104,0,-27.28137
19/03/2024 13:27,2023,2022,B,Other Reporting Airports,NEWQUAY,LANDS END (ST JUST),52,52,0,8,8,0,550
19/03/2024 13:27,2023,2022,B,Other Reporting Airports,NEWQUAY,LEEDS BRADFORD,33,0,33,157,157,0,-78.98089
19/03/2024 13:27,2023,2022,B,Other Reporting Airports,NEWQUAY,MANCHESTER,72686,72686,0,60277,60277,0,20.58663
19/03/2024 13:27,2023,2022,B,Other Reporting Airports,NEWQUAY,NEWCASTLE,4019,4019,0,5972,5972,0,-32.70261
19/03/2024 13:27,2023,2022,B,Other Reporting Airports,NEWQUAY,PRESTWICK,29,0,29,0,0,0,0
19/03/2024 13:27,2023,2022,B,Other Reporting Airports,NEWQUAY,SOUTHAMPTON,51,51,0,21,21,0,142.85714
19/03/2024 13:27,2023,2022,B,Other Reporting Airports,NEWQUAY,SOUTHEND,0,0,0,78,0,78,-100
19/03/2024 13:27,2023,2022,B,Other Reporting Airports,NEWQUAY,STANSTED,27281,27281,0,0,0,0,0
19/03/2024 13:27,2023,2022,B,Other Reporting Airports,NEWQUAY,SUMBURGH,2,2,0,359,359,0,-99.4429
19/03/2024 13:27,2023,2022,B,Other Reporting Airports,NEWQUAY,TEESSIDE INTERNATIONAL AIRPORT,0,0,0,1269,1269,0,-100
19/03/2024 13:27,2023,2022,B,Other Reporting Airports,NORWICH,ABERDEEN,32755,32755,0,32346,32346,0,1.26445
19/03/2024 13:27,2023,2022,B,Other Reporting Airports,NORWICH,BLACKPOOL,0,0,0,88,88,0,-100
19/03/2024 13:27,2023,2022,B,Other Reporting Airports,NORWICH,BRISTOL,152,37,115,35,0,35,334.28571
19/03/2024 13:27,2023,2022,B,Other Reporting Airports,NORWICH,CARDIFF WALES,112,35,77,146,146,0,-23.28767
19/03/2024 13:27,2023,2022,B,Other Reporting Airports,NORWICH,DONCASTER SHEFFIELD,0,0,0,35,35,0,-100
19/03/2024 13:27,2023,2022,B,Other Reporting Airports,NORWICH,EDINBURGH,0,0,0,1255,1255,0,-100
19/03/2024 13:27,2023,2022,B,Other Reporting Airports,NORWICH,EXETER,147,111,36,3944,3944,0,-96.27282
19/03/2024 13:27,2023,2022,B,Other Reporting Airports,NORWICH,GATWICK,0,0,0,70,70,0,-100
19/03/2024 13:27,2023,2022,B,Other Reporting Airports,NORWICH,HUMBERSIDE,124,82,42,118,32,86,5.08475
19/03/2024 13:27,2023,2022,B,Other Reporting Airports,NORWICH,JERSEY,3983,3983,0,4286,4286,0,-7.06953
19/03/2024 13:27,2023,2022,B,Other Reporting Airports,NORWICH,LEEDS BRADFORD,70,0,70,0,0,0,0
19/03/2024 13:27,2023,2022,B,Other Reporting Airports,NORWICH,LIVERPOOL (JOHN LENNON),188,148,40,118,73,45,59.32203
19/03/2024 13:27,2023,2022,B,Other Reporting Airports,NORWICH,LUTON,0,0,0,61,0,61,-100
19/03/2024 13:27,2023,2022,B,Other Reporting Airports,NORWICH,MANCHESTER,85,85,0,351,320,31,-75.78348
19/03/2024 13:27,2023,2022,B,Other Reporting Airports,NORWICH,NEWCASTLE,102,28,74,49,0,49,108.16327
19/03/2024 13:27,2023,2022,B,Other Reporting Airports,NORWICH,SOUTHAMPTON,0,0,0,75,75,0,-100
19/03/2024 13:27,2023,2022,B,Other Reporting Airports,NORWICH,TEESSIDE INTERNATIONAL AIRPORT,73,0,73,108,108,0,-32.40741
19/03/2024 13:27,2023,2022,B,Other Reporting Airports,PRESTWICK,BRISTOL,0,0,0,188,188,0,-100
19/03/2024 13:27,2023,2022,B,Other Reporting Airports,PRESTWICK,KIRKWALL,7,0,7,0,0,0,0
19/03/2024 13:27,2023,2022,B,Other Reporting Airports,PRESTWICK,LIVERPOOL (JOHN LENNON),56,0,56,0,0,0,0
19/03/2024 13:27,2023,2022,B,Other Reporting Airports,PRESTWICK,LUTON,0,0,0,120,0,120,-100
19/03/2024 13:27,2023,2022,B,Other Reporting Airports,PRESTWICK,STANSTED,0,0,0,154,0,154,-100
19/03/2024 13:27,2023,2022,B,Other Reporting Airports,SOUTHAMPTON,ABERDEEN,3224,3224,0,1155,1155,0,179.1342
19/03/2024 13:27,2023,2022,B,Other Reporting Airports,SOUTHAMPTON,ALDERNEY,17307,17307,0,17175,17175,0,0.76856
19/03/2024 13:27,2023,2022,B,Other Reporting Airports,SOUTHAMPTON,BELFAST CITY (GEORGE BEST),80284,80284,0,61422,61372,50,30.70887
19/03/2024 13:27,2023,2022,B,Other Reporting Airports,SOUTHAMPTON,BELFAST INTERNATIONAL,5242,5242,0,0,0,0,0
19/03/2024 13:27,2023,2022,B,Other Reporting Airports,SOUTHAMPTON,BENBECULA,12,0,12,0,0,0,0
19/03/2024 13:27,2023,2022,B,Other Reporting Airports,SOUTHAMPTON,BIRMINGHAM,165,0,165,297,220,77,-44.44444
19/03/2024 13:27,2023,2022,B,Other Reporting Airports,SOUTHAMPTON,CARDIFF WALES,0,0,0,68,30,38,-100
19/03/2024 13:27,2023,2022,B,Other Reporting Airports,SOUTHAMPTON,DUNDEE,0,0,0,27,27,0,-100
19/03/2024 13:27,2023,2022,B,Other Reporting Airports,SOUTHAMPTON,EAST MIDLANDS INTERNATIONAL,122,0,122,41,0,41,197.56098
19/03/2024 13:27,2023,2022,B,Other Reporting Airports,SOUTHAMPTON,EDINBURGH,89152,89152,0,81766,81618,148,9.03309
19/03/2024 13:27,2023,2022,B,Other Reporting Airports,SOUTHAMPTON,EXETER,0,0,0,41,41,0,-100
19/03/2024 13:27,2023,2022,B,Other Reporting Airports,SOUTHAMPTON,GATWICK,80,80,0,61,61,0,31.14754
19/03/2024 13:27,2023,2022,B,Other Reporting Airports,SOUTHAMPTON,GLASGOW,82284,82284,0,75002,75002,0,9.70907
19/03/2024 13:27,2023,2022,B,Other Reporting Airports,SOUTHAMPTON,GUERNSEY,97055,97055,0,97364,97364,0,-0.31737
19/03/2024 13:27,2023,2022,B,Other Reporting Airports,SOUTHAMPTON,HUMBERSIDE,100,0,100,0,0,0,0
19/03/2024 13:27,2023,2022,B,Other Reporting Airports,SOUTHAMPTON,JERSEY,99522,99522,0,99892,99892,0,-0.3704
19/03/2024 13:27,2023,2022,B,Other Reporting Airports,SOUTHAMPTON,LEEDS BRADFORD,229,0,229,797,713,84,-71.26725
19/03/2024 13:27,2023,2022,B,Other Reporting Airports,SOUTHAMPTON,LIVERPOOL (JOHN LENNON),89,0,89,171,0,171,-47.95322
19/03/2024 13:27,2023,2022,B,Other Reporting Airports,SOUTHAMPTON,MANCHESTER,5824,5485,339,11442,10903,539,-49.09981
19/03/2024 13:27,2023,2022,B,Other Reporting Airports,SOUTHAMPTON,NEWCASTLE,43753,43457,296,39622,39537,85,10.42603
19/03/2024 13:27,2023,2022,B,Other Reporting Airports,SOUTHAMPTON,NEWQUAY,51,51,0,88,88,0,-42.04545
19/03/2024 13:27,2023,2022,B,Other Reporting Airports,SOUTHAMPTON,NORWICH,0,0,0,78,0,78,-100
19/03/2024 13:27,2023,2022,B,Other Reporting Airports,SOUTHAMPTON,STORNOWAY,5201,5201,0,0,0,0,0
19/03/2024 13:27,2023,2022,B,Other Reporting Airports,SOUTHAMPTON,TEESSIDE INTERNATIONAL AIRPORT,105,0,105,153,153,0,-31.37255
19/03/2024 13:27,2023,2022,B,Other Reporting Airports,STORNOWAY,BENBECULA,4249,4249,0,5009,5009,0,-15.17269
19/03/2024 13:27,2023,2022,B,Other Reporting Airports,STORNOWAY,EDINBURGH,18365,18365,0,16566,16566,0,10.85959
19/03/2024 13:27,2023,2022,B,Other Reporting Airports,STORNOWAY,GLASGOW,59211,59211,0,61736,61736,0,-4.09
19/03/2024 13:27,2023,2022,B,Other Reporting Airports,STORNOWAY,GUERNSEY,205,0,205,0,0,0,0
19/03/2024 13:27,2023,2022,B,Other Reporting Airports,STORNOWAY,INVERNESS,15297,15297,0,17769,17769,0,-13.91187
19/03/2024 13:27,2023,2022,B,Other Reporting Airports,STORNOWAY,MANCHESTER,1252,1252,0,0,0,0,0
19/03/2024 13:27,2023,2022,B,Other Reporting Airports,STORNOWAY,SOUTHAMPTON,6622,6622,0,0,0,0,0
19/03/2024 13:27,2023,2022,B,Other Reporting Airports,SUMBURGH,ABERDEEN,95752,58896,36856,92842,57011,35831,3.13436
19/03/2024 13:27,2023,2022,B,Other Reporting Airports,SUMBURGH,DUNDEE,1185,1185,0,1334,1334,0,-11.16942
19/03/2024 13:27,2023,2022,B,Other Reporting Airports,SUMBURGH,EDINBURGH,36616,36484,132,35830,34373,1457,2.19369
19/03/2024 13:27,2023,2022,B,Other Reporting Airports,SUMBURGH,FAIR ISLE,0,0,0,30,30,0,-100
19/03/2024 13:27,2023,2022,B,Other Reporting Airports,SUMBURGH,FOULA,0,0,0,22,22,0,-100
19/03/2024 13:27,2023,2022,B,Other Reporting Airports,SUMBURGH,GLASGOW,19938,19938,0,21468,21468,0,-7.12689
19/03/2024 13:27,2023,2022,B,Other Reporting Airports,SUMBURGH,HEATHROW,2852,2852,0,0,0,0,0
19/03/2024 13:27,2023,2022,B,Other Reporting Airports,SUMBURGH,INVERNESS,12760,12042,718,7972,7902,70,60.06021
19/03/2024 13:27,2023,2022,B,Other Reporting Airports,SUMBURGH,KIRKWALL,2922,2922,0,8967,8967,0,-67.41385
19/03/2024 13:27,2023,2022,B,Other Reporting Airports,SUMBURGH,LERWICK (TINGWALL),0,0,0,3,3,0,-100
19/03/2024 13:27,2023,2022,B,Other Reporting Airports,SUMBURGH,LONDON CITY,667,667,0,1541,1541,0,-56.71642
19/03/2024 13:27,2023,2022,B,Other Reporting Airports,SUMBURGH,MANCHESTER,8618,8548,70,266,266,0,3139.84962
19/03/2024 13:27,2023,2022,B,Other Reporting Airports,SUMBURGH,NEWQUAY,0,0,0,224,224,0,-100
19/03/2024 13:27,2023,2022,B,Other Reporting Airports,SUMBURGH,SKEGNESS,0,0,0,34,34,0,-100
19/03/2024 13:27,2023,2022,B,Other Reporting Airports,TEESSIDE INTERNATIONAL AIRPORT,ABERDEEN,14286,14224,62,21321,21321,0,-32.99564
19/03/2024 13:27,2023,2022,B,Other Reporting Airports,TEESSIDE INTERNATIONAL AIRPORT,BELFAST CITY (GEORGE BEST),1376,1376,0,7957,7957,0,-82.70705
19/03/2024 13:27,2023,2022,B,Other Reporting Airports,TEESSIDE INTERNATIONAL AIRPORT,BIGGIN HILL,0,0,0,71,0,71,-100
19/03/2024 13:27,2023,2022,B,Other Reporting Airports,TEESSIDE INTERNATIONAL AIRPORT,BOURNEMOUTH,0,0,0,70,0,70,-100
19/03/2024 13:27,2023,2022,B,Other Reporting Airports,TEESSIDE INTERNATIONAL AIRPORT,BRISTOL,145,0,145,105,0,105,38.09524
19/03/2024 13:27,2023,2022,B,Other Reporting Airports,TEESSIDE INTERNATIONAL AIRPORT,CAMBRIDGE,39,0,39,0,0,0,0
19/03/2024 13:27,2023,2022,B,Other Reporting Airports,TEESSIDE INTERNATIONAL AIRPORT,CARDIFF WALES,356,0,356,70,0,70,408.57143
19/03/2024 13:27,2023,2022,B,Other Reporting Airports,TEESSIDE INTERNATIONAL AIRPORT,EXETER,164,0,164,0,0,0,0
19/03/2024 13:27,2023,2022,B,Other Reporting Airports,TEESSIDE INTERNATIONAL AIRPORT,FARNBOROUGH,40,0,40,72,27,45,-44.44444
19/03/2024 13:27,2023,2022,B,Other Reporting Airports,TEESSIDE INTERNATIONAL AIRPORT,GATWICK,0,0,0,42,0,42,-100
19/03/2024 13:27,2023,2022,B,Other Reporting Airports,TEESSIDE INTERNATIONAL AIRPORT,HEATHROW,0,0,0,4979,4979,0,-100
19/03/2024 13:27,2023,2022,B,Other Reporting Airports,TEESSIDE INTERNATIONAL AIRPORT,HUMBERSIDE,10,0,10,0,0,0,0
19/03/2024 13:27,2023,2022,B,Other Reporting Airports,TEESSIDE INTERNATIONAL AIRPORT,ISLE OF MAN,92,0,92,0,0,0,0
19/03/2024 13:27,2023,2022,B,Other Reporting Airports,TEESSIDE INTERNATIONAL AIRPORT,JERSEY,2356,2192,164,2387,0,2387,-1.2987
19/03/2024 13:27,2023,2022,B,Other Reporting Airports,TEESSIDE INTERNATIONAL AIRPORT,LUTON,31,0,31,73,0,73,-57.53425
19/03/2024 13:27,2023,2022,B,Other Reporting Airports,TEESSIDE INTERNATIONAL AIRPORT,NEWQUAY,0,0,0,1253,1253,0,-100
19/03/2024 13:27,2023,2022,B,Other Reporting Airports,TEESSIDE INTERNATIONAL AIRPORT,NORWICH,118,10,108,113,0,113,4.42478
19/03/2024 13:27,2023,2022,B,Other Reporting Airports,TEESSIDE INTERNATIONAL AIRPORT,SOUTHAMPTON,94,0,94,614,614,0,-84.69055
19/03/2024 13:27,2023,2022,B,Other Reporting Airports,TEESSIDE INTERNATIONAL AIRPORT,STANSTED,39,0,39,80,0,80,-51.25
19/03/2024 13:27,2023,2022,B,Other Reporting Airports,TIREE,CAMPBELTOWN,74,74,0,20,20,0,270
19/03/2024 13:27,2023,2022,B,Other Reporting Airports,TIREE,COLL,194,194,0,152,152,0,27.63158
19/03/2024 13:27,2023,2022,B,Other Reporting Airports,TIREE,COLONSAY,17,17,0,0,0,0,0
19/03/2024 13:27,2023,2022,B,Other Reporting Airports,TIREE,GLASGOW,11167,11167,0,10558,10558,0,5.76814
19/03/2024 13:27,2023,2022,B,Other Reporting Airports,TIREE,INVERNESS,4,4,0,0,0,0,0
19/03/2024 13:27,2023,2022,B,Other Reporting Airports,TIREE,OBAN (NORTH CONNEL),251,251,0,252,252,0,-0.39683
19/03/2024 13:27,2023,2022,B,Other Reporting Airports,WICK JOHN O GROATS,ABERDEEN,10674,10674,0,6951,6951,0,53.56064
19/03/2024 13:27,2023,2022,B,Other Reporting Airports,WICK JOHN O GROATS,FARNBOROUGH,34,0,34,0,0,0,0

